id,no_int,LATENT,LATENT2,AVERAGE,o_ffi,oi_bfas,o_bfas,i_bfas,bfasi01,bfasi02,bfasi03,bfasi04,bfasi05,bfasi06,bfasi07,bfasi08,bfasi09,bfasi10,bfaso01,bfaso02,bfaso03,bfaso04,bfaso05,bfaso06,bfaso07,bfaso08,bfaso09,bfaso10,o01,o02,o03,o04,o05,o06,o07,o08,o09,o10,o11,o12
4,0.169,0.053,0.023,3.658333334,3.666666667,3.65,4.2,3.1,3,4,2,2,4,4,4,3,3,2,5,5,3,4,4,4,4,5,4,4,3,4,4,4,2,4,4,4,3,4,4,4
6,-0.061,0.085,0.156,3.808333334,3.666666667,3.95,4.4,3.5,4,4,3,3,3,4,2,4,4,4,5,5,5,5,3,3,5,5,4,4,4,5,4,4,3,3,3,3,3,4,4,4
7,0.096,-0.103,-0.002,3.358333334,3.416666667,3.3,3.6,3,3,4,3,3,3,3,3,3,2,3,3,5,5,5,5,2,2,2,2,5,3,3,3,1,5,3,3,5,4,3,5,3
9,-0.131,-0.221,-0.244,3.325,3,3.65,4,3.3,3,2,4,3,3,4,2,4,4,4,4,4,4,5,4,3,2,5,5,4,4,4,3,2,3,2,3,4,2,3,3,3
10,0.526,0.082,0.186,3.783333334,3.666666667,3.9,4.4,3.4,4,1,4,2,4,5,4,3,3,4,4,5,5,5,4,5,5,2,4,5,2,5,4,4,4,4,4,5,3,3,5,1
11,0.233,-0.118,-0.249,3.316666667,3.333333333,3.3,3.9,2.7,3,3,3,4,2,3,3,3,2,1,4,4,4,3,4,4,4,5,4,3,3,3,3,3,3,3,4,5,4,3,3,3
14,-0.236,-0.351,-0.9,2.741666667,3.083333333,2.4,2.6,2.2,2,2,3,1,2,3,2,2,2,3,3,4,2,5,2,3,2,1,1,3,5,3,2,4,1,5,3,5,1,2,4,2
15,-0.095,-0.048,-0.206,3.475,3.5,3.45,3.8,3.1,3,3,4,2,3,1,4,4,3,4,4,4,3,5,4,2,3,4,5,4,4,4,4,4,2,4,3,5,2,4,4,2
16,0.012,0.025,0.002,3.5,3.75,3.25,3.6,2.9,3,3,3,3,4,2,4,3,3,1,4,5,3,4,5,3,2,4,2,4,2,4,4,5,4,2,4,5,2,5,4,4
17,-0.167,-0.261,-0.308,3.15,3,3.3,3.7,2.9,4,3,3,2,2,2,2,3,4,4,4,4,3,5,4,3,5,2,2,5,2,5,3,3,2,2,2,5,2,3,4,3
18,-1.137,-0.479,-0.369,3.058333334,2.666666667,3.45,2,4.9,5,4,5,5,5,5,5,5,5,5,2,2,2,1,2,1,4,2,2,2,1,5,2,5,2,1,2,5,1,1,5,2
21,0.049,0.111,0.137,3.766666667,3.833333333,3.7,4,3.4,4,4,4,4,4,3,3,3,2,3,4,4,4,4,4,4,4,4,4,4,4,3,4,4,4,4,2,4,4,5,4,4
24,0.046,0.054,0.038,3.708333334,3.666666667,3.75,4.1,3.4,4,3,2,2,4,4,4,3,4,4,4,4,4,5,4,3,4,5,5,3,4,4,4,3,4,4,4,4,2,3,4,4
26,-0.49,-0.113,-0.125,3.408333334,3.416666667,3.4,3.3,3.5,3,4,2,4,4,4,3,4,3,4,3,3,4,4,5,2,5,2,1,4,4,5,3,4,4,4,1,4,3,2,4,3
27,0.533,0.232,0.262,3.858333334,4.166666667,3.55,4,3.1,4,4,4,3,2,2,3,3,2,4,5,5,5,5,4,4,5,1,1,5,5,5,5,5,4,2,5,5,3,5,4,2
28,-0.095,-0.081,0.03,3.433333334,3.416666667,3.45,3.8,3.1,3,3,3,3,3,3,3,3,3,4,4,5,4,5,5,2,5,2,2,4,3,3,4,3,5,2,1,5,4,4,4,3
29,0.417,0.381,0.406,4.15,4.5,3.8,4,3.6,4,4,4,4,5,3,2,3,4,3,4,4,4,3,4,4,4,5,4,4,4,5,4,4,4,4,5,5,4,5,5,5
30,0.453,0.501,0.627,4.316666667,4.833333333,3.8,3.8,3.8,1,3,5,4,3,5,5,5,5,2,1,4,3,5,5,1,5,5,5,4,4,5,5,5,5,5,5,5,5,5,4,5
31,0.802,0.528,0.92,4.391666667,4.833333333,3.95,4.1,3.8,3,5,5,3,5,5,3,3,3,3,5,5,5,5,5,5,5,1,1,4,5,5,5,4,5,5,4,5,5,5,5,5
33,0.708,0.475,0.793,4.441666667,4.583333333,4.3,4.5,4.1,4,5,4,3,3,4,5,5,4,4,5,3,4,5,4,4,5,5,5,5,5,5,5,4,4,4,4,5,5,4,5,5
34,-0.54,-0.306,-0.495,3.025,3,3.05,3.2,2.9,3,3,3,2,3,4,2,3,4,2,3,4,3,3,2,3,4,3,3,4,3,4,2,4,3,3,3,3,2,3,3,3
37,0.183,0.093,0.607,3.941666667,3.583333333,4.3,4.7,3.9,4,5,4,5,5,5,3,2,4,2,5,5,5,5,5,5,4,4,5,4,2,5,5,3,4,2,2,3,4,4,5,4
38,0.04,0.082,0.078,3.75,3.75,3.75,4,3.5,4,2,4,3,2,4,4,4,4,4,4,5,4,5,4,3,3,4,4,4,4,4,3,4,4,4,3,4,3,4,4,4
39,-0.033,-0.021,-0.134,3.483333334,3.666666667,3.3,3.3,3.3,4,4,4,3,3,2,2,4,4,3,4,4,4,5,2,2,4,2,2,4,4,4,4,3,3,4,4,4,3,4,4,3
40,-0.174,-0.242,-0.314,3.216666667,3.083333333,3.35,3.4,3.3,3,2,4,2,3,4,3,4,4,4,3,4,4,4,3,4,3,2,3,4,3,3,3,3,3,4,4,2,3,3,4,2
41,-0.177,-0.121,-0.303,3.308333334,3.416666667,3.2,3.4,3,2,3,2,3,3,4,4,2,3,4,3,4,4,5,2,3,4,3,2,4,3,4,4,4,2,3,4,3,2,4,4,4
42,-0.663,-0.297,-0.548,3.016666667,3.083333333,2.95,2.9,3,4,1,4,3,1,3,4,4,4,2,4,4,4,2,2,1,3,3,4,2,3,4,3,5,2,3,4,4,2,2,4,1
43,-0.151,-0.092,-0.162,3.483333334,3.416666667,3.55,3.5,3.6,4,3,4,4,3,3,4,4,3,4,3,4,5,3,2,4,4,2,4,4,4,4,3,3,3,5,2,5,3,2,4,3
44,0.139,0.206,0.301,3.991666667,4.083333333,3.9,3.7,4.1,5,3,5,5,3,3,5,5,3,4,5,5,5,4,1,2,5,3,2,5,4,4,5,4,2,4,4,5,4,5,4,4
47,-0.077,-0.258,-0.577,3.05,3,3.1,4,2.2,2,4,2,2,1,1,1,3,3,3,5,5,2,4,3,2,5,5,5,4,4,3,3,2,2,5,5,5,1,1,4,1
48,0.699,0.478,0.96,4.416666667,4.583333333,4.25,4.6,3.9,3,4,4,5,5,5,3,3,4,3,5,1,5,5,5,5,5,5,5,5,2,5,5,5,5,5,4,4,5,5,5,5
51,-0.67,-0.274,-0.296,3.133333334,2.916666667,3.35,4,2.7,3,3,3,4,1,2,2,3,3,3,4,5,4,3,4,3,4,4,4,5,3,5,5,4,3,2,2,3,1,1,5,1
52,-0.408,-0.214,-0.474,3.1,3.25,2.95,3.2,2.7,2,3,4,2,2,4,2,2,2,4,4,4,4,3,3,2,4,4,2,2,4,4,3,2,3,4,4,4,2,3,4,2
53,0.513,0.259,0.399,4.058333334,4.166666667,3.95,4,3.9,4,4,4,4,4,4,4,4,4,3,5,4,5,5,5,4,2,1,5,4,5,4,4,4,3,4,4,5,4,5,4,4
54,-0.575,-0.242,-0.369,3.15,3.25,3.05,2.6,3.5,4,4,3,2,2,2,3,5,5,5,3,4,4,4,1,3,2,1,2,2,4,4,3,4,5,3,4,2,1,3,4,2
55,-0.267,-0.246,-0.467,3.141666667,3.083333333,3.2,3.5,2.9,3,3,3,2,3,3,2,3,4,3,4,4,3,3,2,4,3,4,4,4,3,3,3,3,3,4,4,4,1,3,3,3
56,-0.277,-0.064,-0.061,3.525,3.5,3.55,3.4,3.7,4,2,4,5,2,2,4,5,5,4,3,5,5,5,2,4,2,1,3,4,4,4,4,3,4,4,4,2,1,4,4,4
57,-0.058,-0.14,-0.283,3.333333334,3.416666667,3.25,3,3.5,4,2,4,4,4,3,3,4,4,3,1,5,3,3,3,2,3,2,4,4,5,2,3,4,3,1,4,5,4,4,3,3
58,-0.467,-0.056,-0.106,3.341666667,3.583333333,3.1,3.5,2.7,3,3,2,3,3,3,2,3,2,3,4,4,5,5,5,1,4,1,1,5,4,4,4,3,4,4,1,3,4,4,4,4
59,0.026,0.216,0.28,3.908333334,4.166666667,3.65,3.6,3.7,4,3,5,4,4,3,4,3,3,4,4,5,5,5,4,3,4,1,1,4,5,4,5,4,3,5,2,4,4,5,5,4
63,0.754,0.488,0.961,4.525,4.5,4.55,5,4.1,4,4,4,4,4,4,4,5,4,4,5,5,5,5,5,5,5,5,5,5,5,4,4,4,5,5,4,4,5,5,5,4
65,0.006,-0.042,-0.108,3.525,3.5,3.55,3.8,3.3,4,3,3,3,3,3,3,3,4,4,3,4,4,4,4,3,4,4,4,4,3,4,3,3,4,4,4,4,3,3,4,3
66,0.588,0.148,0.165,3.883333334,3.916666667,3.85,3.9,3.8,4,4,2,1,5,5,5,4,4,4,4,5,5,5,1,4,4,1,5,5,4,4,4,5,1,4,4,5,5,4,5,2
71,-0.079,-0.219,-0.555,3.025,3.25,2.8,3.3,2.3,3,2,3,2,2,2,2,2,3,2,3,4,4,4,2,4,4,1,3,4,3,4,3,3,2,4,3,5,2,4,3,3
72,-0.368,-0.294,-0.608,2.883333334,3.166666667,2.6,2.8,2.4,2,2,2,1,5,4,2,2,2,2,2,2,5,5,5,2,2,1,1,3,5,3,1,4,1,5,2,2,5,3,3,4
73,-0.354,-0.165,-0.223,3.3,3.25,3.35,3.6,3.1,4,3,3,3,4,2,2,3,3,4,5,5,4,5,3,1,5,1,2,5,3,5,2,5,4,3,1,5,3,2,3,3
74,-0.181,-0.174,-0.085,3.433333334,3.166666667,3.7,3.6,3.8,4,3,5,3,5,3,4,4,4,3,3,2,5,5,3,2,3,4,5,4,4,4,3,2,3,2,2,4,4,2,4,4
75,-0.357,-0.375,-0.611,2.916666667,2.833333333,3,3.2,2.8,3,3,1,1,5,1,3,4,3,4,5,3,2,4,1,5,1,4,2,5,4,5,2,2,1,2,1,5,1,1,5,5
76,0.031,0.005,-0.051,3.541666667,3.583333333,3.5,4.1,2.9,3,2,5,5,3,1,1,3,3,3,5,5,5,5,3,4,3,2,5,4,4,4,4,4,3,4,2,3,4,4,4,3
77,-0.989,-0.587,-0.816,2.575,2.5,2.65,2.2,3.1,4,4,4,2,2,2,3,2,4,4,2,4,1,2,3,1,2,2,3,2,1,4,2,4,2,2,4,3,1,2,4,1
78,0.163,-0.007,0.137,3.733333334,3.416666667,4.05,4.4,3.7,4,3,5,4,2,4,4,4,3,4,4,5,5,5,5,3,4,4,4,5,5,4,3,3,3,2,4,5,2,3,5,2
79,-0.224,-0.262,-0.563,3.033333334,3.166666667,2.9,3,2.8,4,3,4,2,1,2,2,3,3,4,3,5,3,5,2,2,2,3,3,2,2,4,2,4,2,4,4,4,2,4,3,3
80,-0.038,-0.025,-0.318,3.443181818,3.636363636,3.25,3.5,3,4,3,4,2,2,1,3,5,3,3,3,4,3,4,1,3,4,4,5,4,4,5,3,4,2,3,5,4,2,4,4, 
81,-0.288,0.17,0.221,3.8,4,3.6,4,3.2,5,2,2,5,3,2,3,5,3,2,2,5,5,2,5,3,3,5,5,5,5,5,5,2,3,5,2,5,3,3,5,5
82,0.329,0.393,0.775,4.358333334,4.416666667,4.3,4.2,4.4,4,5,4,4,5,4,5,4,4,5,5,5,5,5,3,5,4,1,4,5,5,5,5,4,5,5,2,4,4,5,4,5
83,0.437,0.255,0.374,3.983333334,4.166666667,3.8,4.1,3.5,3,4,4,3,4,4,3,4,4,2,4,5,4,4,5,4,4,2,5,4,4,4,4,4,5,4,4,5,4,4,4,4
84,0.406,0.109,0.195,3.791666667,3.833333333,3.75,3.9,3.6,4,5,3,3,4,3,3,4,3,4,5,4,4,5,4,5,5,1,1,5,5,3,4,4,4,5,2,5,4,3,3,4
85,-0.37,-0.13,-0.029,3.475,3.25,3.7,3.8,3.6,4,4,4,3,3,2,3,5,4,4,4,3,5,5,4,3,3,4,3,4,2,5,4,3,3,5,2,2,3,3,4,3
86,0.553,0.277,0.41,4.108333334,4.166666667,4.05,4.2,3.9,4,3,4,3,4,5,4,4,4,4,4,5,4,5,4,4,2,5,5,4,4,4,5,4,4,4,4,5,4,4,4,4
89,-0.052,-0.073,-0.125,3.341666667,3.583333333,3.1,3.2,3,3,2,4,4,4,1,2,4,2,4,2,4,4,4,4,4,2,2,2,4,5,5,5,1,4,2,3,3,4,2,5,4
91,-0.327,-0.372,-0.418,3.066666667,2.833333333,3.3,2.9,3.7,3,4,4,4,2,4,4,4,4,4,3,4,2,4,2,2,2,4,3,3,1,3,2,5,4,2,4,4,2,1,4,2
92,-0.368,-0.172,-0.226,3.408333334,3.166666667,3.65,3.7,3.6,4,3,4,3,1,5,2,5,5,4,5,4,4,5,1,3,4,3,5,3,4,4,4,3,3,4,3,3,1,3,3,3
93,0.422,0.196,0.375,3.95,4,3.9,4.1,3.7,4,2,4,4,2,5,4,4,4,4,5,5,4,5,5,4,5,2,1,5,4,4,4,4,4,4,4,4,4,4,4,4
94,-0.516,-0.231,-0.16,3.375,3,3.75,3.7,3.8,4,4,4,4,5,4,1,4,4,4,5,5,5,4,3,2,2,4,4,3,1,5,3,3,3,3,3,4,1,3,4,3
95,-0.308,-0.264,-0.379,3.058333334,3.166666667,2.95,2.9,3,4,3,3,3,2,3,3,3,3,3,3,4,3,3,4,2,3,2,2,3,3,3,3,2,4,3,3,5,3,3,4,2
96,0.369,0.08,0.175,3.825,3.75,3.9,3.8,4,4,5,5,4,3,4,4,5,3,3,5,3,4,5,4,4,3,1,5,4,4,4,4,3,3,5,4,5,3,4,3,3
97,0.181,0.191,0.104,3.791666667,4.083333333,3.5,3.9,3.1,4,2,3,3,4,3,3,2,4,3,4,5,4,3,4,4,4,3,4,4,5,4,4,4,4,4,4,4,4,4,4,4
103,0.18,-0.024,-0.135,3.366666667,3.583333333,3.15,4,2.3,2,2,2,2,3,3,2,2,2,3,5,4,3,5,5,4,3,1,5,5,5,3,4,3,4,4,3,3,4,3,4,3
104,-0.807,-0.384,-0.623,2.891666667,2.833333333,2.95,3.1,2.8,3,2,3,3,3,2,2,4,4,2,2,3,4,3,1,2,3,4,5,4,3,4,3,4,2,2,2,3,2,2,4,3
106,-0.458,-0.134,-0.207,3.241666667,3.333333333,3.15,3.8,2.5,2,2,3,4,4,2,1,3,2,2,4,5,5,5,5,2,4,2,2,4,4,5,4,4,4,2,1,4,2,4,4,2
107,0.219,0.078,0.196,3.85,3.75,3.95,3.7,4.2,5,4,5,5,3,4,3,5,4,4,3,5,5,5,3,5,2,2,2,5,5,5,3,3,3,5,3,5,2,3,5,3
108,-0.886,-0.428,-0.388,3.091666667,2.583333333,3.6,3.3,3.9,5,3,5,3,3,4,4,4,4,4,3,5,3,4,4,2,3,2,4,3,4,4,2,3,2,4,2,2,1,2,4,1
109,0.137,0.046,0.084,3.65,3.75,3.55,3.6,3.5,4,3,3,3,4,3,3,4,4,4,4,4,3,5,4,3,2,3,3,5,4,4,4,4,4,3,3,4,4,2,5,4
118,-0.327,-0.252,-0.457,3.108333334,3.166666667,3.05,3,3.1,3,2,3,2,5,3,3,4,3,3,3,5,3,3,2,3,3,2,3,3,3,4,2,3,3,3,3,5,2,4,3,3
119,-0.065,-0.14,-0.249,3.208333334,3.416666667,3,3.3,2.7,3,2,3,2,2,2,3,4,3,3,3,4,4,3,4,4,4,2,1,4,4,5,3,2,4,1,3,4,4,3,4,4
120,0.117,0.044,-0.024,3.6,3.75,3.45,3.7,3.2,3,4,3,2,4,3,3,3,4,3,2,5,5,5,4,2,3,2,5,4,2,4,4,5,3,4,4,5,3,4,5,2
121,-0.06,0.132,0.196,3.758333334,3.916666667,3.6,3.9,3.3,4,3,3,3,3,3,3,4,3,4,5,5,4,5,4,3,4,1,3,5,3,5,3,5,5,5,1,5,3,5,5,2
122,-0.511,-0.307,-0.546,2.975,3,2.95,3.3,2.6,3,2,3,3,2,2,2,2,3,4,3,4,4,3,4,3,2,2,4,4,4,4,3,3,3,4,2,4,2,2,3,2
123,-0.338,-0.537,-1.3,2.425,2.75,2.1,2,2.2,2,1,3,1,3,1,2,3,3,3,1,1,4,5,1,1,1,1,1,4,3,1,1,5,1,4,5,5,1,4,2,1
124,-0.381,-0.148,-0.091,3.583333334,3.166666667,4,3.7,4.3,5,3,5,5,2,4,4,5,5,5,3,5,5,5,4,1,2,4,3,5,4,5,1,5,1,5,2,5,2,2,5,1
125,-0.25,-0.34,-0.51,3.058333334,2.916666667,3.2,3,3.4,4,2,4,3,2,4,3,3,4,5,3,3,4,5,2,2,3,2,1,5,3,3,2,4,1,2,3,5,2,3,4,3
126,0.146,-0.029,0.049,3.575,3.5,3.65,3.9,3.4,3,4,3,3,4,5,3,3,3,3,4,4,3,5,5,3,4,3,4,4,3,4,4,3,4,3,3,4,4,4,3,3
127,-0.347,-0.016,-0.039,3.433333334,3.666666667,3.2,3.5,2.9,4,3,2,4,3,2,1,4,2,4,5,4,4,3,4,2,4,2,2,5,3,4,4,4,4,2,2,4,4,4,4,5
128,-0.217,-0.141,0.072,3.591666667,3.083333333,4.1,4.3,3.9,4,4,4,4,4,4,3,4,4,4,4,5,5,5,4,4,4,3,4,5,4,4,4,4,2,2,2,3,2,2,5,3
129,-0.45,-0.225,-0.379,3.15,3.25,3.05,2.9,3.2,3,4,3,3,3,3,3,3,4,3,2,3,4,4,3,2,4,2,2,3,4,4,3,3,3,3,1,5,3,3,4,3
130,-0.424,-0.162,-0.37,3.291666667,3.333333333,3.25,3.2,3.3,3,3,3,2,3,3,4,4,4,4,2,5,4,2,1,4,2,4,4,4,3,4,3,4,2,4,4,3,2,4,4,3
131,0.289,-0.046,-0.056,3.575,3.5,3.65,3.6,3.7,5,3,5,4,2,2,4,4,4,4,3,4,5,4,2,4,4,3,3,4,4,4,2,2,3,3,5,4,4,3,4,4
132,0.399,-0.019,-0.171,3.491666667,3.583333333,3.4,3.8,3,3,2,4,1,3,3,3,4,3,4,4,4,4,4,4,4,4,2,4,4,4,4,4,4,4,5,4,5,4,1,3,1
133,-0.402,0.046,0.168,3.766666667,3.583333333,3.95,4.3,3.6,5,4,3,3,5,3,2,4,3,4,3,5,5,4,5,2,5,5,5,4,5,5,2,3,5,4,1,5,2,5,4,2
134,-0.93,-0.518,-0.742,2.75,2.5,3,3,3,4,1,5,4,1,3,2,2,3,5,4,5,3,3,1,1,4,2,2,5,1,4,3,4,1,2,4,2,1,3,4,1
135,-0.222,0.142,0.159,3.8,4,3.6,3.5,3.7,4,3,5,5,3,2,2,5,4,4,3,5,4,5,4,2,4,1,2,5,3,5,5,5,3,4,3,5,1,4,5,5
136,0.67,0.312,0.593,4.125,4.25,4,4.3,3.7,3,5,3,4,5,4,3,4,3,3,5,5,5,4,5,5,4,2,4,4,4,4,4,3,5,4,5,4,5,5,4,4
137,-0.302,-0.33,-0.41,3.008333334,2.916666667,3.1,3.3,2.9,5,3,4,3,2,2,3,3,3,1,4,4,4,5,3,2,3,2,3,3,4,4,3,3,3,2,2,4,3,3,1,3
138,-0.377,-0.142,-0.195,3.425,3.25,3.6,3.7,3.5,4,4,3,4,4,2,2,4,4,4,3,3,5,3,4,3,3,4,4,5,3,4,2,4,3,4,3,4,2,3,4,3
146,-0.75,-0.277,-0.161,3.358333334,2.916666667,3.8,3.4,4.2,3,4,5,4,4,5,3,5,5,4,4,5,4,3,2,2,3,3,3,5,3,3,4,4,1,3,3,2,2,3,4,3
147,-0.24,0.03,0.053,3.575,3.75,3.4,3.5,3.3,4,4,3,3,3,1,3,4,4,4,5,4,4,5,4,1,5,1,1,5,5,5,4,3,3,2,2,4,4,4,4,5
148,0.535,0.242,0.558,4.125,4,4.25,4.5,4,3,5,4,3,5,4,4,4,4,4,5,3,5,5,5,5,3,5,4,5,2,5,3,4,5,4,5,4,3,4,5,4
149,-0.168,-0.01,-0.05,3.608333334,3.666666667,3.55,3.2,3.9,4,4,4,4,4,3,4,4,4,4,3,3,4,5,3,2,4,2,2,4,4,4,3,4,3,4,4,3,3,4,4,4
150,-0.095,-0.072,-0.202,3.266666667,3.583333333,2.95,3.4,2.5,2,2,2,2,5,3,2,1,1,5,5,5,4,5,3,1,4,1,1,5,4,4,5,5,4,2,2,4,5,2,4,2
155,0.586,0.47,0.8,4.441666667,4.583333333,4.3,4.4,4.2,4,4,5,4,3,5,4,5,4,4,4,5,5,5,5,5,3,4,3,5,5,5,5,5,4,5,5,3,4,5,4,5
156,-0.729,-0.395,-0.804,2.7,3,2.4,2.4,2.4,3,1,3,1,2,4,1,3,3,3,1,3,3,1,4,4,3,1,1,3,4,5,2,4,3,2,2,5,1,2,4,2
157,-0.097,-0.056,-0.041,3.533333334,3.416666667,3.65,4,3.3,3,4,3,3,3,3,3,4,3,4,4,5,4,5,4,3,4,3,4,4,3,4,4,3,3,4,2,4,3,3,4,4
158,0.274,0.212,0.428,3.991666667,4.083333333,3.9,3.8,4,4,5,5,5,4,4,1,5,2,5,4,3,3,5,5,1,5,5,2,5,1,5,3,5,5,3,5,5,4,3,5,5
159,0.526,0.244,0.316,4.066666667,4.083333333,4.05,4.2,3.9,4,5,4,4,5,5,2,2,4,4,5,4,2,5,1,5,5,5,5,5,4,4,5,4,1,5,4,4,4,4,5,5
160,-0.135,-0.09,-0.181,3.408333334,3.416666667,3.4,3.7,3.1,3,3,3,4,3,2,3,4,3,3,4,4,4,5,3,3,5,2,4,3,2,4,4,4,3,4,3,4,2,3,4,4
161,-0.411,-0.136,-0.423,3.2,3.5,2.9,2.9,2.9,4,2,4,2,1,2,3,4,3,4,3,4,4,4,1,2,5,2,1,3,5,5,2,3,5,5,3,5,1,1,5,2
162,0.26,0.059,0.083,3.625,3.75,3.5,3.9,3.1,3,3,3,4,3,3,3,4,3,2,4,5,4,5,4,4,2,2,4,5,4,4,4,3,4,3,3,4,4,4,4,4
163,0.126,0.008,0.149,3.691666667,3.583333333,3.8,3.8,3.8,4,4,4,4,4,4,3,4,4,3,3,3,4,5,5,3,4,3,5,3,4,4,3,3,5,3,2,5,4,3,4,3
165,-0.299,-0.171,-0.242,3.266666667,3.333333333,3.2,3.1,3.3,3,4,4,3,3,2,3,3,4,4,3,3,4,5,4,2,3,2,1,4,3,4,3,3,4,4,3,4,2,3,5,2
166,0.103,0.214,0.291,3.933333334,4.166666667,3.7,3.5,3.9,4,4,4,4,4,4,3,4,4,4,3,5,5,5,2,3,4,2,2,4,4,5,5,4,4,2,4,5,2,5,5,5
167,-0.531,-0.182,-0.29,3.3,3.25,3.35,3.3,3.4,3,3,4,2,2,3,5,4,4,4,2,4,4,5,3,2,4,3,3,3,2,5,2,4,4,5,2,4,1,4,5,1
173,-0.056,-0.14,-0.143,3.525,3.25,3.8,3.5,4.1,5,4,4,4,5,2,4,5,4,4,4,4,3,5,2,3,3,2,5,4,4,3,2,4,1,4,3,4,3,4,4,3
193,0.121,0.118,0.258,3.783333334,3.916666667,3.65,3.6,3.7,4,4,4,2,1,5,3,5,5,4,3,4,5,5,4,3,5,1,2,4,5,5,3,3,5,4,1,5,5,4,5,2
198,-0.156,-0.013,-0.238,3.425,3.75,3.1,3.1,3.1,3,3,4,4,2,2,3,4,2,4,3,4,4,4,2,2,4,2,2,4,4,4,4,4,3,4,4,4,3,3,4,4
200,-0.72,-0.511,-0.764,2.641666667,2.583333333,2.7,2.9,2.5,3,2,2,2,3,2,2,3,3,3,3,4,3,2,2,4,3,2,3,3,2,4,2,4,2,2,2,3,2,3,3,2
202,0.219,-0.086,-0.478,3.241666667,3.583333333,2.9,3.2,2.6,3,1,3,2,1,4,2,4,1,5,3,4,5,5,2,4,2,1,1,5,5,5,5,5,3,5,5,5,1,1,2,1
203,0.112,-0.097,-0.172,3.358333334,3.416666667,3.3,3.7,2.9,2,3,3,5,2,4,1,3,4,2,4,4,3,3,4,4,3,4,4,4,3,4,3,3,4,2,4,4,4,3,4,3
205,-0.149,-0.134,-0.146,3.366666667,3.333333333,3.4,3.5,3.3,5,3,3,2,3,2,4,3,4,4,3,4,3,4,4,3,5,2,2,5,3,5,3,3,3,3,2,5,3,3,4,3
206,-0.361,-0.004,-0.291,3.483333334,3.666666667,3.3,3.6,3,4,2,4,4,3,3,3,3,2,2,3,4,5,3,1,2,4,5,5,4,5,5,3,4,2,5,4,4,2,4,4,2
207,-0.013,0.035,0.145,3.733333334,3.666666667,3.8,3.7,3.9,4,3,4,4,5,4,2,4,4,5,4,5,4,4,3,3,3,3,4,4,3,4,5,2,3,2,4,4,3,5,5,4
208,0.133,0.004,0.051,3.616666667,3.583333333,3.65,3.9,3.4,3,4,3,3,4,5,3,4,3,2,4,4,4,4,4,4,3,4,4,4,4,4,4,3,4,2,4,4,3,3,4,4
209,-0.77,-0.323,-0.466,3.025,3,3.05,2.9,3.2,3,3,3,3,5,1,4,4,2,4,3,3,3,1,3,1,5,2,5,3,3,4,3,3,3,3,3,3,4,1,3,3
210,-0.397,-0.17,-0.176,3.35,3.25,3.45,3.4,3.5,3,3,4,5,3,3,3,4,3,4,4,4,4,4,4,2,4,2,2,4,4,4,3,2,3,3,2,4,3,4,4,3
211,-0.549,-0.31,-0.522,3,3,3,3.2,2.8,3,2,3,2,4,2,3,3,3,3,3,4,3,5,3,2,3,2,4,3,3,4,3,4,2,3,2,3,2,3,3,4
213,-0.408,-0.226,-0.389,3.133333334,3.166666667,3.1,3.4,2.8,4,3,4,1,1,1,3,4,4,3,5,3,5,5,2,3,3,3,2,3,5,5,3,3,3,4,2,3,2,2,4,2
214,-0.456,-0.05,0.08,3.55,3.5,3.6,3.6,3.6,3,4,5,3,2,5,3,3,4,4,2,5,4,2,5,4,4,4,1,5,4,5,2,4,5,4,2,2,4,4,4,2
215,-0.384,-0.089,-0.115,3.425,3.5,3.35,3.2,3.5,4,3,4,3,4,2,3,4,4,4,3,5,3,4,4,2,4,2,1,4,2,5,4,4,3,4,2,4,3,4,4,3
217,0.288,0.137,0.081,3.758333334,3.916666667,3.6,4,3.2,4,3,3,3,3,3,3,3,4,3,4,4,4,4,4,4,4,4,4,4,4,4,4,4,4,4,4,4,4,4,4,3
218,-0.069,0.335,0.396,4.183333334,4.416666667,3.95,3.6,4.3,4,4,4,5,5,5,5,4,4,3,3,5,4,3,3,2,4,5,4,3,4,5,4,5,4,5,5,5,2,4,5,5
219,-0.076,-0.278,-0.383,3.15,3,3.3,3.4,3.2,3,2,3,4,3,4,3,3,3,4,2,4,3,5,3,4,4,2,3,4,3,4,3,2,3,3,3,4,2,2,4,3
221,0.574,0.186,0.273,3.908333334,3.916666667,3.9,4.5,3.3,3,4,2,3,3,3,3,5,4,3,5,5,3,5,4,4,5,5,4,5,3,4,4,4,4,4,5,4,4,3,4,4
222,-0.22,-0.165,-0.286,3.333333334,3.166666667,3.5,4,3,4,2,2,2,2,2,4,4,4,4,4,4,4,4,4,2,4,4,5,5,2,4,4,3,2,4,4,5,1,4,3,2
224,0.242,0.015,-0.124,3.425,3.75,3.1,3.6,2.6,3,3,2,2,2,2,2,4,2,4,5,4,4,5,4,3,4,1,1,5,4,5,4,2,4,4,4,4,4,4,3,3
225,-0.027,-0.18,-0.279,3.308333334,3.166666667,3.45,3.8,3.1,4,3,3,3,2,2,3,2,4,5,4,4,4,5,2,4,3,4,4,4,4,4,3,3,3,3,4,3,2,2,5,2
226,-0.347,-0.045,-0.139,3.466666667,3.583333333,3.35,3.4,3.3,4,4,3,2,3,4,3,4,4,2,2,4,4,2,4,2,4,4,4,4,4,3,3,4,4,4,4,4,3,2,4,4
227,-0.677,-0.248,-0.377,3.183333334,3.166666667,3.2,2.9,3.5,4,3,4,2,3,4,3,4,4,4,4,4,3,4,1,3,2,2,2,4,4,4,3,4,2,4,2,2,2,4,4,3
228,0.149,0.091,0.024,3.775,3.75,3.8,4.1,3.5,4,3,3,3,3,4,3,4,4,4,3,4,4,5,3,3,4,5,5,5,4,4,3,4,3,4,4,4,3,4,4,4
229,0.006,-0.03,-0.101,3.525,3.5,3.55,4,3.1,3,2,4,3,2,3,3,4,3,4,3,4,5,5,4,4,4,1,5,5,4,4,2,4,4,4,2,5,2,4,5,2
230,-0.24,0.007,0.038,3.608333334,3.666666667,3.55,3.5,3.6,4,3,4,5,4,3,3,3,3,4,4,4,5,3,4,4,3,1,2,5,4,4,4,3,4,4,3,4,2,4,4,4
231,0.667,0.364,0.323,4.025,4.5,3.55,4,3.1,4,2,4,3,3,4,3,2,3,3,4,5,5,5,5,4,2,1,4,5,5,4,4,5,4,5,5,5,4,5,4,4
232,0.415,0.173,0.2,3.916666667,4.083333333,3.75,3.3,4.2,5,4,4,4,4,3,3,5,5,5,4,5,4,4,1,4,2,2,2,5,3,5,3,4,2,4,5,5,4,4,5,5
233,-0.249,-0.08,-0.179,3.483333334,3.416666667,3.55,3.7,3.4,4,3,4,3,3,4,3,4,3,3,4,4,4,3,3,3,3,4,5,4,4,5,3,4,2,3,4,4,2,3,4,3
234,-0.192,-0.236,-0.499,3.025,3.25,2.8,3,2.6,3,2,2,2,3,4,2,3,2,3,2,4,3,4,3,3,3,3,1,4,4,4,3,2,4,3,4,4,2,3,4,2
235,0.288,0.17,0.1,3.8,4,3.6,4,3.2,4,3,4,3,2,2,3,4,3,4,5,4,4,4,2,4,4,4,4,5,4,5,5,4,3,4,4,4,4,4,4,3
236,-0.272,-0.31,-0.661,2.825,3,2.65,3.6,1.7,2,1,1,1,2,2,1,2,2,3,3,5,4,3,3,3,3,4,4,4,2,3,3,3,3,3,3,4,3,3,4,2
237,-0.292,-0.07,-0.151,3.525,3.5,3.55,3.3,3.8,4,3,4,4,4,3,3,4,5,4,1,4,4,4,3,3,5,2,3,4,4,3,3,3,3,4,3,5,1,3,5,5
238,-0.82,-0.327,-0.515,3.158333334,2.916666667,3.4,3,3.8,4,2,4,4,4,3,5,5,3,4,2,4,3,4,1,1,2,4,5,4,4,5,2,4,1,2,2,4,1,3,4,3
239,-0.252,-0.179,-0.517,3.15,3.25,3.05,3.7,2.4,3,3,3,3,2,2,1,3,2,2,4,4,4,5,1,2,3,5,5,4,4,4,4,4,2,3,4,4,1,2,3,4
240,-0.079,0.081,-0.005,3.666666667,3.833333333,3.5,3.7,3.3,4,3,3,2,3,3,3,4,4,4,3,5,4,3,4,3,3,4,4,4,4,5,4,4,4,4,4,4,3,3,4,3
241,0.247,0.058,0.208,3.7,3.75,3.65,3.7,3.6,4,4,4,3,3,1,3,5,5,4,3,4,4,5,4,4,2,3,3,5,3,5,4,4,5,3,3,3,5,3,4,3
243,-0.061,-0.236,-0.187,3.216666667,3.083333333,3.35,3.5,3.2,3,3,4,4,2,3,4,4,2,3,4,4,4,5,4,4,3,2,1,4,3,3,4,2,3,2,3,3,3,3,4,4
244,-0.315,-0.334,-0.362,3.141666667,2.833333333,3.45,3.4,3.5,4,3,4,4,3,3,3,4,3,4,4,4,4,4,2,4,4,2,2,4,4,4,3,3,2,2,2,4,2,2,4,2
245,0.083,-0.103,-0.081,3.516666667,3.333333333,3.7,3.7,3.7,4,4,4,3,4,3,4,4,3,4,4,3,4,5,3,4,4,2,4,4,4,4,3,4,3,2,3,4,3,3,4,3
246,-0.313,-0.193,-0.428,3.141666667,3.333333333,2.95,3,2.9,3,3,4,3,3,2,2,4,2,3,3,2,4,3,2,3,3,1,5,4,4,3,3,3,3,4,3,4,3,3,4,3
247,-0.197,-0.165,-0.378,3.266666667,3.333333333,3.2,3.2,3.2,3,4,4,3,3,3,3,3,3,3,2,3,4,4,2,4,3,2,4,4,4,4,3,4,2,4,3,4,2,3,4,3
248,0.287,0.101,0.305,3.85,3.75,3.95,4.1,3.8,5,3,4,5,2,4,3,4,4,4,3,4,5,5,5,3,3,4,4,5,4,4,4,2,5,4,4,4,4,2,4,4
249,0.146,0,-0.165,3.383333334,3.666666667,3.1,3.9,2.3,3,3,2,4,3,1,2,2,1,2,5,4,3,5,5,4,2,3,4,4,4,4,4,3,3,4,3,4,3,4,4,4
250,0.397,0.128,0.261,3.733333334,3.916666667,3.55,3.9,3.2,5,3,4,2,2,1,4,4,4,3,5,4,2,5,3,4,4,3,4,5,5,5,5,2,4,2,3,4,5,2,5,5
251,-0.532,-0.237,-0.418,3.133333334,3.166666667,3.1,3.2,3,3,2,3,4,3,4,2,3,2,4,4,4,4,4,2,2,4,2,2,4,2,4,4,4,2,4,2,4,2,4,4,2
252,-0.27,-0.279,-0.487,3.1,3,3.2,3.5,2.9,3,2,4,2,3,3,3,3,3,3,4,5,2,5,2,2,4,4,4,3,3,5,3,3,2,4,3,4,2,2,3,2
254,-0.158,-0.203,-0.222,3.258333334,3.166666667,3.35,3.5,3.2,4,2,4,2,3,3,4,3,4,3,4,4,4,5,3,3,3,3,2,4,3,4,4,3,3,3,3,3,3,3,4,2
255,-0.011,-0.17,-0.122,3.383333334,3.166666667,3.6,3.8,3.4,4,4,4,2,3,2,4,4,4,3,5,5,3,4,3,3,4,4,4,3,2,4,4,3,2,3,3,4,4,3,4,2
256,-0.161,-0.266,-0.34,3.2,3,3.4,3.5,3.3,4,2,4,4,2,4,2,3,4,4,3,5,3,4,4,4,3,2,3,4,3,3,3,3,2,4,2,4,3,3,3,3
257,0.178,0.032,-0.003,3.616666667,3.583333333,3.65,4.4,2.9,4,3,2,3,4,1,3,4,3,2,4,5,4,4,4,4,4,5,5,5,3,4,3,4,3,4,2,5,4,4,4,3
258,-0.506,-0.309,-0.436,3.083333334,2.916666667,3.25,3.5,3,4,3,3,2,3,2,3,4,3,3,4,4,3,4,3,2,4,3,4,4,4,3,3,3,2,3,2,4,2,3,4,2
259,-0.052,-0.272,-0.46,3.15,3,3.3,3.5,3.1,4,2,4,3,4,2,3,3,3,3,4,4,3,4,2,3,4,3,4,4,4,2,3,3,1,3,3,5,3,3,3,3
260,-0.459,-0.298,-0.545,2.966666667,3.083333333,2.85,3,2.7,3,2,3,3,3,2,3,3,2,3,3,3,4,2,2,4,4,2,2,4,3,4,3,3,2,3,3,4,2,3,4,3
261,0.258,0.156,0.115,3.825,4,3.65,3.7,3.6,4,4,4,2,4,2,4,4,4,4,3,4,4,4,4,4,2,4,4,4,4,4,4,4,4,4,4,5,3,4,4,4
262,0.385,-0.016,-0.008,3.516666667,3.583333333,3.45,3.8,3.1,4,3,3,3,3,3,3,4,3,2,5,5,3,5,4,4,4,2,3,3,3,3,4,5,4,3,4,4,4,3,4,2
263,0.369,0.33,0.446,4.091666667,4.333333333,3.85,4.2,3.5,4,3,4,3,4,4,2,4,4,3,4,5,3,5,5,3,2,5,5,5,5,5,5,4,5,5,4,4,4,4,4,3
264,-0.313,-0.088,0.126,3.541666667,3.333333333,3.75,3.9,3.6,4,3,4,3,4,4,4,4,3,3,5,5,3,3,4,4,5,2,3,5,1,3,5,3,4,4,2,4,2,5,4,3
265,0.34,0.329,0.344,4.041666667,4.333333333,3.75,4.3,3.2,3,4,2,4,4,3,3,3,3,3,5,4,4,5,4,4,5,4,4,4,5,4,5,4,4,5,3,4,4,5,4,5
266,0.065,0.208,0.349,3.966666667,4.083333333,3.85,3.8,3.9,2,4,4,4,4,5,4,4,4,4,4,5,3,3,4,4,4,2,4,5,4,5,4,4,4,5,4,2,5,4,4,4
267,-0.511,-0.356,-0.559,2.983333334,2.916666667,3.05,2.9,3.2,3,3,3,3,4,4,3,3,3,3,2,4,4,4,2,4,2,2,2,3,2,5,3,3,1,3,3,3,1,4,3,4
268,-0.779,-0.174,-0.107,3.366666667,3.333333333,3.4,2.8,4,4,2,4,4,5,4,3,5,5,4,4,3,4,4,5,1,1,1,1,4,5,5,5,4,2,1,1,5,1,1,5,5
270,-0.914,-0.326,-0.498,3.05,3,3.1,2.8,3.4,5,2,5,3,2,2,3,4,4,4,3,5,3,1,2,2,2,4,4,2,4,4,2,4,2,3,3,3,2,3,4,2
271,0.679,0.205,0.506,4.008333334,3.916666667,4.1,4.6,3.6,4,4,3,2,4,5,4,4,3,3,5,5,4,4,5,5,5,5,4,4,2,4,4,4,5,2,5,5,4,5,4,3
272,-0.838,-0.341,-0.667,2.975,3,2.95,2.7,3.2,3,3,3,4,2,4,3,3,3,4,3,3,4,3,1,2,2,2,3,4,3,4,2,4,1,5,3,3,1,3,4,3
273,0.483,0.252,0.326,3.925,4.25,3.6,3.7,3.5,4,4,4,3,4,1,3,5,4,3,5,4,3,5,2,3,2,5,4,4,2,5,5,4,4,2,5,5,4,5,5,5
274,-0.149,-0.265,-0.177,3.283333334,2.916666667,3.65,3.8,3.5,5,2,5,3,2,4,4,4,4,2,4,5,4,5,4,2,4,4,4,2,1,4,4,3,3,2,4,5,1,2,4,2
275,-1.189,-0.291,-0.268,3.35,3,3.7,2.7,4.7,5,5,5,5,3,5,4,5,5,5,1,5,3,1,1,1,3,5,5,2,1,5,1,5,1,5,5,1,1,1,5,5
277,-0.463,-0.356,-0.522,2.983333334,2.916666667,3.05,2.9,3.2,3,3,3,3,2,2,4,4,4,4,2,4,4,1,1,4,3,3,3,4,3,3,2,3,3,3,3,3,4,2,3,3
278,0.088,0.051,0.099,3.716666667,3.583333333,3.85,4.5,3.2,3,3,2,5,5,2,1,4,3,4,4,5,2,5,5,4,5,5,5,5,5,4,4,5,2,2,2,3,4,4,4,4
279,0.258,0.038,-0.063,3.583333334,3.666666667,3.5,4.1,2.9,2,2,3,2,3,4,3,4,2,4,3,5,4,5,4,4,4,4,4,4,4,4,3,4,4,2,2,5,4,5,3,4
280,-0.267,-0.157,-0.281,3.4,3.25,3.55,3.5,3.6,4,2,4,3,2,5,3,4,5,4,3,5,4,4,2,2,2,4,4,5,2,4,3,5,2,4,4,5,1,4,4,1
282,-0.117,-0.095,-0.236,3.425,3.5,3.35,3.1,3.6,4,3,4,4,1,5,4,4,3,4,2,4,5,5,1,2,5,1,2,4,2,4,2,4,2,4,4,5,2,4,5,4
283,-0.565,-0.309,-0.492,3.05,3,3.1,3.1,3.1,3,4,4,3,3,2,1,3,4,4,2,4,3,2,2,4,4,3,3,4,2,3,2,4,2,4,3,3,2,4,5,2
284,0.901,0.316,0.676,4.183333334,4.166666667,4.2,4.7,3.7,4,4,2,2,4,2,5,5,4,5,5,5,5,5,4,5,5,4,4,5,5,5,5,1,4,1,5,5,5,4,5,5
285,0.401,0.163,0.14,3.908333334,3.916666667,3.9,4.1,3.7,4,3,3,4,4,4,3,4,4,4,5,4,4,4,2,4,4,5,5,4,4,4,4,4,3,4,4,5,4,4,4,3
286,-0.015,-0.014,-0.114,3.566666667,3.583333333,3.55,3.7,3.4,4,4,4,3,3,2,3,4,3,4,3,5,4,5,2,3,4,4,3,4,4,4,4,4,3,2,5,4,1,5,4,3
287,-0.049,0.331,0.685,4.108333334,4.416666667,3.8,3.7,3.9,4,3,5,5,3,2,4,5,4,4,5,5,5,5,5,1,3,1,2,5,5,5,5,3,5,4,1,5,5,5,5,5
288,0.155,0.08,0.213,3.858333334,3.666666667,4.05,4.2,3.9,4,4,5,4,3,3,3,4,4,5,5,5,5,5,4,3,3,3,4,5,4,4,3,3,3,4,4,5,2,2,5,5
289,-0.515,-0.222,-0.202,3.366666667,3.083333333,3.65,3.4,3.9,4,4,4,4,3,4,3,4,5,4,4,4,4,3,2,2,3,4,4,4,2,4,3,3,3,4,3,4,2,3,4,2
290,-0.561,-0.578,-0.78,2.7,2.25,3.15,3.5,2.8,3,2,3,4,3,2,2,4,3,2,4,5,1,5,2,2,4,4,4,4,3,4,1,2,1,2,2,4,1,2,4,1
291,-0.388,-0.159,-0.244,3.266666667,3.333333333,3.2,3.3,3.1,3,3,3,3,2,4,4,4,2,3,4,4,4,3,3,2,4,2,3,4,3,4,4,3,3,3,3,4,3,4,4,2
292,0.269,0.082,0.145,3.75,3.75,3.75,4,3.5,4,4,3,2,4,4,3,4,3,4,4,5,5,5,4,4,3,4,1,5,3,5,5,4,3,4,4,4,3,3,4,3
293,-0.493,-0.176,-0.192,3.391666667,3.333333333,3.45,2.7,4.2,5,2,5,5,2,5,5,5,4,4,2,4,4,2,1,2,4,2,2,4,2,4,2,3,2,3,4,5,2,4,5,4
298,0.415,0.475,0.952,4.533333334,4.666666667,4.4,3.8,5,5,5,5,5,5,5,5,5,5,5,3,5,5,5,5,2,3,1,5,4,5,5,4,4,5,4,5,5,4,5,5,5
300,0.189,-0.05,-0.286,3.308333334,3.666666667,2.95,3.2,2.7,3,2,3,2,3,2,3,3,3,3,3,4,4,4,4,4,4,1,1,3,4,4,3,3,4,4,4,5,3,2,4,4
301,-0.745,-0.117,0.115,3.508333334,3.416666667,3.6,3,4.2,4,3,5,1,4,5,5,5,5,5,4,5,3,2,4,2,1,3,2,4,2,5,4,4,4,2,2,2,4,4,4,4
302,0.413,0.335,0.474,4.058333334,4.416666667,3.7,3.9,3.5,3,4,4,2,4,5,3,4,2,4,4,5,5,5,5,3,4,2,1,5,5,5,4,4,5,3,4,5,4,5,4,5
307,-0.354,0.004,-0.164,3.384090909,3.818181818,2.95,3.1,2.8,3,4,3,2,3,2,2,3,3,3,5,4,3,2,4,2,4,2,2,3,4,5,4,3,4,4,3,4,4,3,4, 
308,-0.295,-0.068,-0.224,3.5,3.5,3.5,3.4,3.6,4,4,4,3,3,4,3,4,3,4,3,4,4,4,2,2,4,3,4,4,3,5,3,4,1,4,4,4,2,4,4,4
309,-0.226,0.085,0.196,3.741666667,3.833333333,3.65,3.6,3.7,4,4,4,3,4,2,4,4,4,4,5,4,4,5,4,2,5,1,2,4,4,5,3,4,4,4,2,3,4,5,5,3
310,0.843,0.461,0.607,4.291666667,4.583333333,4,4.6,3.4,2,3,4,3,4,4,3,4,4,3,5,5,5,5,5,5,2,5,5,4,5,4,5,5,4,5,4,5,5,5,4,4
311,0.256,0.113,0.12,3.9,3.75,4.05,4.2,3.9,4,2,4,3,5,5,4,4,4,4,5,4,4,5,3,5,2,5,5,4,4,4,2,5,2,5,4,4,2,5,4,4
312,-0.186,-0.144,-0.107,3.408333334,3.166666667,3.65,4.2,3.1,3,5,2,3,3,4,3,3,1,4,5,5,4,3,5,4,4,4,4,4,3,3,3,5,3,3,3,3,3,3,3,3
313,0.208,0.329,0.511,4.216666667,4.333333333,4.1,3.9,4.3,4,5,5,4,2,5,5,4,5,4,3,5,4,2,4,4,5,4,4,4,5,5,5,5,4,4,5,4,4,4,4,3
314,-0.349,0.097,0.296,3.791666667,3.833333333,3.75,3.7,3.8,5,5,4,4,1,4,3,5,4,3,3,5,5,3,4,4,4,4,2,3,2,5,4,5,4,4,2,2,4,5,4,5
315,0.424,0.047,0.273,3.85,3.5,4.2,4.6,3.8,4,3,4,5,4,4,3,4,3,4,5,5,4,5,5,5,5,4,4,4,3,4,4,4,3,3,3,4,4,3,4,3
317,-0.126,-0.02,-0.085,3.566666667,3.583333333,3.55,3.6,3.5,4,4,3,3,2,4,3,4,4,4,5,4,3,5,2,4,3,1,5,4,5,4,4,4,2,4,2,4,2,4,4,4
318,0.77,0.37,0.549,4.233333334,4.416666667,4.05,4.1,4,5,5,4,3,2,5,3,4,5,4,5,4,4,5,4,5,2,4,4,4,4,5,4,5,4,4,5,5,4,4,5,4
319,-0.647,-0.403,-0.613,2.791666667,2.833333333,2.75,3,2.5,2,1,4,2,1,1,3,4,3,4,3,5,4,3,3,2,4,1,1,4,1,5,5,4,4,2,4,3,1,1,3,1
320,0.462,0.088,-0.067,3.558333334,3.916666667,3.2,3.6,2.8,2,2,2,4,4,2,4,2,2,4,4,5,4,5,4,4,2,4,2,2,2,4,4,4,4,4,4,5,4,4,4,4
321,0.026,0.131,-0.071,3.516666667,4.083333333,2.95,3.5,2.4,2,1,2,2,5,2,4,2,2,2,4,5,3,4,4,3,2,3,3,4,3,4,4,4,4,5,2,5,4,5,5,4
322,0.278,0.182,0.422,3.975,4,3.95,3.8,4.1,5,4,4,4,5,4,3,4,5,3,5,4,3,5,4,4,3,3,3,4,3,4,5,5,4,3,4,3,4,5,4,4
324,0.201,0.232,0.515,4.016666667,4.083333333,3.95,4.1,3.8,4,4,4,4,5,4,3,3,5,2,4,4,4,4,5,3,5,2,5,5,4,4,5,4,5,2,4,4,4,5,4,4
325,0.265,-0.006,0.269,3.783333334,3.416666667,4.15,4.3,4,4,4,5,5,3,4,4,3,4,4,5,4,5,5,4,4,4,4,4,4,2,4,4,4,4,2,4,3,4,4,4,2
327,0.54,0.248,0.383,4.091666667,4.083333333,4.1,4.2,4,4,4,4,3,4,5,4,4,4,4,4,5,4,5,4,4,3,4,5,4,4,4,4,4,4,4,4,5,4,4,4,4
328,-0.083,-0.045,-0.145,3.5,3.5,3.5,3.8,3.2,3,2,3,4,2,4,3,4,4,3,3,4,4,4,4,3,3,4,4,5,5,4,4,4,3,4,4,3,3,1,4,3
329,0.524,0.319,0.401,4.141666667,4.333333333,3.95,3.9,4,4,4,5,4,3,5,5,3,3,4,4,5,3,5,1,4,4,5,4,4,4,5,5,4,4,4,4,5,4,4,5,4
331,0.156,0.121,0.176,3.841666667,3.833333333,3.85,4,3.7,4,3,4,4,3,4,4,4,4,3,4,5,5,5,4,2,4,4,4,3,4,4,4,5,3,3,4,4,4,4,5,2
332,-0.474,-0.242,-0.337,3.25,3,3.5,3.8,3.2,4,2,2,4,5,4,3,2,4,2,5,3,2,5,3,2,4,5,5,4,4,4,2,4,2,4,1,4,2,3,4,2
333,0.66,0.299,0.451,4.15,4.25,4.05,4,4.1,4,5,4,4,4,4,4,4,4,4,4,5,3,5,4,4,4,3,4,4,4,4,4,5,4,4,4,5,5,4,4,4
334,-0.059,-0.309,-0.429,3.05,3,3.1,3.1,3.1,4,2,3,4,1,3,3,4,5,2,4,5,1,4,2,4,2,4,1,4,2,4,3,4,3,3,4,4,2,2,4,1
335,0.933,0.453,0.625,4.316666667,4.583333333,4.05,4.4,3.7,4,4,3,3,4,4,4,4,3,4,5,5,4,5,4,5,4,4,4,4,4,4,5,5,4,4,5,5,5,5,4,5
336,0.288,0.179,0.324,3.983333334,3.916666667,4.05,4.2,3.9,4,3,5,3,4,4,4,4,5,3,4,5,4,5,4,4,4,4,4,4,4,4,3,4,4,4,3,4,4,4,5,4
337,-0.053,0.152,0.313,3.941666667,3.833333333,4.05,4.3,3.8,4,3,5,4,4,5,2,5,4,2,5,5,4,3,3,3,5,5,5,5,3,5,2,4,4,4,3,4,4,4,4,5
338,0.155,0.075,0.109,3.7,3.75,3.65,4,3.3,3,3,4,4,4,4,3,3,3,2,4,5,5,4,4,4,4,4,2,4,4,4,4,3,4,4,3,4,4,3,4,4
340,-0.051,-0.038,-0.065,3.583333334,3.416666667,3.75,4.2,3.3,3,3,2,3,3,5,4,3,4,3,4,4,5,4,4,5,4,5,5,2,5,3,4,5,4,5,3,3,2,2,3,2
341,0.412,0.099,0.242,3.75,3.75,3.75,4.3,3.2,4,4,3,2,3,5,4,3,3,1,5,4,3,5,5,4,4,5,5,3,4,4,4,4,4,1,4,4,4,4,4,4
342,-0.088,-0.211,-0.437,3.125,3.25,3,3.2,2.8,3,3,3,4,3,3,2,2,3,2,5,4,3,4,1,4,2,3,3,3,2,4,3,5,2,2,4,4,2,4,4,3
343,0.235,0.073,0.15,3.725,3.75,3.7,3.9,3.5,4,4,2,4,4,3,4,2,4,4,5,5,5,4,2,4,3,4,2,5,4,4,5,2,2,3,4,4,4,4,5,4
344,0.371,0.026,-0.03,3.583333334,3.666666667,3.5,3.9,3.1,4,2,2,4,2,4,4,4,3,2,5,5,3,4,1,4,5,5,4,3,2,4,5,4,2,4,4,4,5,4,4,2
345,0.258,0.223,0.321,3.958333334,4.166666667,3.75,3.6,3.9,4,4,4,4,5,4,3,4,5,2,4,3,5,2,4,3,4,4,3,4,4,5,4,4,4,3,5,5,5,3,4,4
346,-0.599,-0.151,-0.319,3.366666667,3.333333333,3.4,3.2,3.6,4,3,5,4,2,3,4,3,4,4,4,4,3,3,3,2,2,4,4,3,5,3,3,5,3,4,3,4,1,5,3,1
347,0.706,0.371,0.602,4.158333334,4.416666667,3.9,4.3,3.5,5,4,4,2,4,5,4,3,2,2,5,5,5,3,4,5,5,1,5,5,5,4,5,5,4,4,5,5,5,2,5,4
348,-0.322,0.139,0.175,3.616666667,4.083333333,3.15,3.4,2.9,3,4,2,3,5,2,1,3,3,3,5,5,4,5,4,2,2,1,1,5,5,5,5,4,4,4,1,2,5,5,5,4
349,0.067,0.322,0.677,4.325,4.25,4.4,4,4.8,5,5,5,5,5,5,5,5,5,3,4,4,3,4,4,4,3,5,5,4,3,5,4,5,4,5,3,4,3,5,5,5
350,0.433,0.255,0.411,4.141666667,4.083333333,4.2,4.2,4.2,4,4,5,5,4,4,4,4,4,4,4,5,4,4,4,4,3,4,5,5,5,5,4,4,4,3,5,5,3,4,4,3
351,0.726,0.193,0.125,3.766666667,4.083333333,3.45,4,2.9,1,4,5,2,1,4,3,5,3,1,1,5,3,5,2,5,5,5,4,5,2,5,5,5,2,4,5,4,5,4,5,3
352,0.726,0.193,0.125,3.766666667,4.083333333,3.45,4,2.9,1,4,5,2,1,4,3,5,3,1,1,5,3,5,2,5,5,5,4,5,2,5,5,5,2,4,5,4,5,4,5,3
353,-0.573,-0.344,-0.537,3.033333334,2.916666667,3.15,3,3.3,3,2,4,4,2,4,4,4,3,3,2,4,3,5,3,1,5,2,2,3,3,4,2,3,2,4,4,3,1,3,4,2
354,0.31,0.222,0.441,4.1,4,4.2,4.2,4.2,4,4,5,5,4,4,3,5,4,4,5,4,4,5,5,4,4,4,4,3,4,4,4,5,4,4,3,4,4,4,4,4
355,0.426,0.12,0.131,3.791666667,3.833333333,3.75,4.1,3.4,3,4,3,2,4,5,2,3,4,4,5,4,2,5,4,4,3,5,5,4,3,5,3,5,4,5,4,3,5,3,3,3
356,0.337,0.273,0.484,4.191666667,4.083333333,4.3,4.4,4.2,4,4,5,5,3,4,5,4,4,4,4,5,5,2,3,5,5,5,5,5,4,4,4,5,4,4,5,4,4,3,4,4
357,0.601,0.37,0.592,4.266666667,4.333333333,4.2,4.5,3.9,4,5,4,4,3,4,5,4,4,2,5,5,4,4,4,5,5,5,4,4,4,4,5,5,4,5,4,5,4,4,4,4
358,0.453,0.407,0.664,4.383333334,4.416666667,4.35,4.4,4.3,4,4,4,4,5,5,5,5,4,3,5,4,4,5,4,4,5,5,5,3,5,5,4,4,4,5,3,5,4,5,5,4
359,0.426,0.308,0.511,4.208333334,4.166666667,4.25,4.5,4,3,5,4,5,5,4,4,3,4,3,5,5,5,5,3,4,5,5,4,4,4,4,4,4,3,4,4,4,4,5,5,5
361,0.518,0.483,0.885,4.416666667,4.583333333,4.25,4.7,3.8,4,5,4,4,5,5,1,4,4,2,5,5,4,3,5,5,5,5,5,5,5,5,5,5,5,3,4,5,4,5,5,4
362,0.608,0.426,0.638,4.275,4.5,4.05,4.5,3.6,4,3,3,2,4,5,4,4,3,4,5,5,5,5,4,4,4,4,4,5,5,5,5,4,5,5,4,4,5,5,4,3
363,-0.181,-0.344,-0.527,3.066666667,2.833333333,3.3,3.4,3.2,4,2,3,3,4,2,2,4,4,4,3,5,2,5,1,2,3,4,5,4,3,4,3,3,2,2,4,4,2,2,3,2
364,-0.22,-0.049,0.061,3.633333334,3.416666667,3.85,3.9,3.8,4,3,5,4,3,3,4,5,3,4,3,4,5,4,4,3,4,3,5,4,4,4,4,3,4,3,3,4,2,2,5,3
365,-1.136,-0.407,-0.361,3.083333334,2.666666667,3.5,3.2,3.8,4,3,4,4,4,4,3,4,4,4,2,5,4,2,5,1,3,2,4,4,2,4,4,2,1,3,2,3,1,5,3,2
366,-0.663,-0.307,-0.306,3.15,3,3.3,2.9,3.7,4,1,4,5,5,3,2,4,5,4,4,5,2,3,2,2,2,2,2,5,1,4,4,5,2,2,4,2,2,4,4,2
367,-0.768,-0.144,-0.349,3.291666667,3.333333333,3.25,3.5,3,3,2,4,4,2,2,2,4,3,4,4,4,4,5,2,2,2,5,5,2,2,5,2,5,2,5,2,2,1,5,5,4
368,-0.115,0.004,0.01,3.583333334,3.666666667,3.5,3.5,3.5,4,3,3,3,4,4,3,4,3,4,4,5,4,5,3,2,4,2,2,4,4,4,4,3,4,4,2,4,4,4,4,3
369,0.727,0.46,0.975,4.4,4.5,4.3,4.8,3.8,4,4,4,5,5,5,4,3,2,2,5,5,5,5,5,5,4,5,5,4,2,4,5,5,5,5,4,4,5,5,5,5
370,-0.354,0.074,0.556,3.983333334,3.666666667,4.3,3.8,4.8,5,4,5,5,5,5,5,5,5,4,3,5,5,4,5,2,3,4,4,3,2,4,4,4,4,2,3,2,4,5,5,5
371,0.528,0.093,0.115,3.75,3.75,3.75,4.2,3.3,4,2,4,3,1,4,4,4,4,3,4,4,3,4,4,5,5,5,4,4,3,4,4,4,4,3,4,5,4,4,4,2
373,0.319,0.204,0.434,4.083333334,3.916666667,4.25,4.4,4.1,4,4,5,4,4,5,4,4,4,3,4,4,5,4,5,4,4,5,5,4,4,4,4,4,4,4,4,4,4,4,4,3
374,0.599,0.378,0.729,4.241666667,4.333333333,4.15,4.7,3.6,4,4,3,4,4,4,5,2,4,2,5,5,5,4,5,3,5,5,5,5,4,4,5,4,4,2,5,5,5,5,5,4
376,0.681,0.403,0.709,4.308333334,4.416666667,4.2,4.5,3.9,4,4,3,4,5,4,5,4,3,3,5,5,5,4,2,5,5,4,5,5,5,4,5,4,4,2,4,5,5,5,5,5
378,0.142,-0.047,-0.067,3.558333334,3.416666667,3.7,4.1,3.3,4,3,3,4,3,2,2,4,4,4,5,5,3,5,3,4,3,4,4,5,3,5,4,4,2,3,4,3,3,4,3,3
379,-0.62,-0.38,-0.639,2.9,3,2.8,2.2,3.4,4,2,4,3,2,3,4,4,4,4,2,3,1,2,2,2,2,2,4,2,2,4,2,4,2,4,4,4,2,2,4,2
380,0.174,0.207,0.369,4.075,4,4.15,4,4.3,4,4,4,5,4,5,5,4,4,4,3,4,4,4,4,4,4,4,5,4,4,4,4,5,4,4,4,3,4,4,4,4
381,-0.739,-0.399,-0.748,2.866666667,2.833333333,2.9,2.9,2.9,3,2,2,3,4,3,3,3,3,3,2,3,4,4,1,2,4,2,2,5,3,4,1,3,1,4,2,4,1,4,4,3
382,-0.324,-0.193,-0.459,3.108333334,3.416666667,2.8,2.6,3,3,3,4,2,4,2,3,3,3,3,3,4,3,3,2,2,3,1,1,4,5,4,3,3,3,3,3,5,3,3,3,3
383,-0.102,-0.009,-0.304,3.441666667,3.583333333,3.3,4.1,2.5,4,2,2,2,3,2,1,3,2,4,4,5,5,5,1,4,4,4,4,5,5,4,4,5,1,4,4,2,2,4,4,4
384,0.613,0.418,0.681,4.333333334,4.416666667,4.25,4.7,3.8,4,4,4,4,4,3,4,5,3,3,4,5,5,5,5,4,4,5,5,5,4,4,4,5,5,5,5,4,4,4,5,4
386,0.804,0.383,0.602,4.158333334,4.416666667,3.9,4.5,3.3,4,3,4,2,5,4,4,2,3,2,5,4,5,5,5,4,5,4,4,4,2,4,5,5,4,4,5,5,5,4,5,5
387,0.818,0.541,0.772,4.525,4.75,4.3,4.5,4.1,5,4,4,4,4,4,3,4,4,5,5,5,5,5,3,4,5,4,4,5,5,5,5,5,3,4,5,5,5,5,5,5
389,0.815,0.406,0.65,4.333333334,4.416666667,4.25,4.5,4,4,5,4,4,1,5,5,4,5,3,5,4,3,5,4,5,5,5,5,4,4,4,4,5,4,4,5,5,4,5,5,4
390,0.542,0.254,0.663,4.175,4,4.35,4.6,4.1,5,3,4,5,5,5,3,4,3,4,5,5,5,4,5,5,4,4,4,5,2,5,4,4,4,2,5,4,4,5,5,4
391,0.451,0.388,0.722,4.441666667,4.333333333,4.55,4.4,4.7,5,4,5,5,5,5,4,5,5,4,5,5,4,5,3,5,4,4,4,5,4,5,4,5,4,5,4,5,2,5,5,4
392,0.251,0.189,0.128,3.866666667,4.083333333,3.65,3.7,3.6,4,3,3,4,4,5,4,2,4,3,3,4,3,4,3,4,3,4,5,4,4,4,3,4,4,4,5,4,3,5,4,5
393,0.074,0.172,0.314,3.933333334,3.916666667,3.95,4.2,3.7,4,2,4,4,4,4,4,4,3,4,5,4,5,5,5,3,4,3,4,4,5,4,4,4,4,4,4,2,4,4,4,4
394,0.538,0.305,0.818,4.391666667,4.083333333,4.7,4.5,4.9,5,4,5,5,5,5,5,5,5,5,5,5,5,5,4,5,4,5,2,5,2,4,4,4,4,4,5,5,2,5,5,5
396,-0.541,-0.343,-0.208,3.275,2.75,3.8,3.4,4.2,5,4,5,5,2,2,4,5,5,5,5,4,4,5,2,2,4,2,2,4,1,4,4,4,1,4,4,2,1,2,4,2
398,0.476,0.226,0.506,4.083333334,3.916666667,4.25,4.8,3.7,3,4,3,4,5,5,4,3,3,3,4,5,5,4,5,5,5,5,5,5,4,5,4,3,5,4,5,4,3,1,4,5
399,0.131,0.074,0.059,3.775,3.75,3.8,3.8,3.8,4,3,4,5,3,3,4,4,5,3,4,4,4,5,1,4,2,4,5,5,5,4,4,4,3,4,3,4,3,3,4,4
400,-0.424,-0.09,-0.093,3.533333334,3.416666667,3.65,3.4,3.9,5,4,4,5,5,2,2,4,4,4,4,3,5,3,2,3,2,5,4,3,2,5,3,4,2,4,4,3,2,3,5,4
401,0.852,0.546,0.787,4.475,4.75,4.2,4.7,3.7,4,4,3,4,5,4,3,3,3,4,5,5,5,5,4,4,4,5,5,5,4,5,4,5,5,5,5,5,5,5,5,4
402,0.015,0.033,-0.041,3.6,3.75,3.45,3.5,3.4,4,5,4,4,3,2,2,4,3,3,4,5,3,4,2,2,4,2,5,4,4,4,5,4,2,4,4,4,4,4,4,2
403,-0.115,-0.187,-0.519,3.05,3.25,2.85,3.8,1.9,2,2,1,2,1,2,2,4,2,1,3,1,4,5,3,2,5,5,5,5,4,4,4,3,3,4,4,4,2,2,3,2
404,-0.329,-0.256,-0.328,3.241666667,3.083333333,3.4,3.1,3.7,4,4,4,4,1,4,4,4,4,4,3,4,3,2,2,4,3,5,4,1,3,4,3,4,2,2,4,3,3,1,4,4
405,0.706,0.417,0.59,4.25,4.5,4,4.4,3.6,3,4,5,4,4,4,3,2,3,4,5,5,5,5,5,4,2,5,4,4,5,4,5,5,4,4,5,4,5,5,4,4
406,-0.129,-0.047,-0.117,3.525,3.5,3.55,3.7,3.4,4,4,4,4,5,3,3,2,2,3,3,5,3,4,2,3,4,5,4,4,3,4,4,4,2,3,3,4,3,4,4,4
410,0.604,0.317,0.611,4.233333334,4.166666667,4.3,4.6,4,4,4,4,4,2,4,4,5,5,4,5,5,3,5,4,4,5,5,5,5,5,4,5,3,4,4,4,4,5,4,4,4
411,0.715,0.273,0.45,4.066666667,4.083333333,4.05,4.7,3.4,5,4,4,3,3,2,4,2,4,3,5,5,5,5,4,5,3,5,5,5,3,5,5,5,4,5,5,5,3,2,5,2
412,0.319,0.192,0.294,3.875,4,3.75,4.2,3.3,4,4,3,4,1,3,4,4,4,2,2,5,4,5,5,4,5,4,3,5,5,5,4,4,4,5,4,2,5,4,4,2
413,0.852,0.489,0.928,4.541666667,4.583333333,4.5,4.5,4.5,4,5,5,4,5,5,5,4,4,4,5,5,3,4,5,5,5,5,4,4,4,5,4,5,5,5,5,5,5,4,4,4
414,0.049,0.176,0.224,3.925,4,3.85,3.8,3.9,4,4,4,4,4,3,4,4,4,4,4,4,4,4,4,2,4,4,4,4,4,4,4,4,4,4,4,4,4,4,4,4
415,0.294,0.245,0.443,4.033333334,4.166666667,3.9,3.8,4,4,3,3,4,4,5,5,4,4,4,5,5,4,5,4,4,4,1,1,5,4,5,5,5,4,4,3,4,4,4,4,4
416,-0.186,-0.189,-0.342,3.25,3.25,3.25,3.3,3.2,3,2,4,5,3,3,2,3,3,4,3,4,3,4,3,3,3,2,4,4,2,4,2,4,3,3,3,4,3,5,3,3
417,0.04,0.238,0.347,3.983333334,4.166666667,3.8,3.8,3.8,4,4,3,4,4,5,4,4,4,2,4,4,4,3,4,3,4,4,4,4,3,5,4,4,4,4,4,4,4,5,5,4
418,0.397,0.18,0.315,3.875,4,3.75,4,3.5,4,3,4,2,4,4,4,3,4,3,4,4,5,4,5,4,1,4,5,4,3,4,4,5,5,2,5,4,4,4,4,4
419,0.058,0.213,0.452,4.108333334,3.916666667,4.3,4.5,4.1,4,5,4,4,5,4,3,4,4,4,4,5,5,5,4,4,3,5,5,5,4,5,4,4,2,4,4,2,3,5,5,5
420,0.67,0.302,0.893,4.366666667,4.083333333,4.65,4.5,4.8,5,5,5,5,5,5,5,5,4,4,5,5,5,5,5,5,5,2,4,4,4,4,5,4,4,2,4,5,4,5,4,4
422,-0.236,-0.176,-0.352,3.266666667,3.333333333,3.2,3,3.4,4,2,4,3,4,3,3,4,4,3,4,4,4,4,1,3,3,2,3,2,3,5,3,4,1,3,3,4,3,3,5,3
423,-0.343,-0.452,-0.86,2.675,2.75,2.6,2.9,2.3,3,1,3,1,2,2,3,3,2,3,2,4,1,5,2,2,1,4,5,3,2,4,3,4,2,2,4,4,1,2,3,2
426,-0.126,-0.082,-0.266,3.383333334,3.416666667,3.35,3.9,2.8,2,4,2,4,4,4,2,2,2,2,5,5,5,5,2,2,3,4,4,4,3,4,4,4,1,4,4,4,2,4,4,3
428,-0.027,-0.146,-0.061,3.4,3.25,3.55,3.7,3.4,3,2,4,5,5,3,3,5,2,2,5,5,3,4,4,4,2,1,4,5,1,4,4,4,2,2,5,3,2,4,4,4
429,0.906,0.354,0.543,4.158333334,4.416666667,3.9,4,3.8,4,4,3,2,5,5,3,4,4,4,5,5,3,5,5,5,1,4,4,3,4,5,4,5,5,4,5,5,5,5,4,2
430,0.383,0.279,0.266,4,4.25,3.75,4,3.5,3,4,2,4,5,2,5,4,2,4,5,4,5,5,2,3,5,2,4,5,4,4,4,5,2,4,4,5,4,5,5,5
431,-0.493,-0.057,-0.26,3.416666667,3.583333333,3.25,3.3,3.2,3,3,3,4,4,3,3,3,2,4,4,4,5,3,4,2,3,1,4,3,5,4,3,5,3,3,4,4,1,3,4,4
432,0.851,0.358,0.729,4.25,4.25,4.25,4.8,3.7,5,3,2,4,4,4,5,4,4,2,5,5,4,5,5,5,5,4,5,5,2,4,5,5,5,4,5,5,4,4,4,4
434,0.751,0.383,0.322,4.091666667,4.583333333,3.6,3.7,3.5,3,2,5,5,5,5,3,2,3,2,5,5,2,5,2,4,4,1,5,4,5,5,4,5,2,5,5,5,5,5,5,4
435,0.035,-0.054,-0.064,3.508333334,3.416666667,3.6,4.1,3.1,3,3,4,3,3,3,3,3,3,3,4,5,5,4,4,4,3,3,4,5,3,4,4,4,3,4,3,4,3,2,4,3
437,0.146,-0.019,0.128,3.65,3.5,3.8,3.9,3.7,4,2,5,3,3,4,4,4,4,4,4,4,3,5,4,4,4,3,3,5,2,4,4,4,4,4,1,4,5,4,3,3
438,-0.624,0.095,0.029,3.783333334,3.916666667,3.65,3.2,4.1,4,1,5,5,5,4,5,4,3,5,3,4,5,2,3,2,4,5,2,2,4,5,4,5,2,4,2,5,2,5,4,5
439,-0.153,0.1,0.123,3.641666667,3.833333333,3.45,4.1,2.8,2,2,2,2,5,5,3,3,1,3,4,5,3,4,5,2,4,5,4,5,2,4,3,5,5,4,2,4,4,4,5,4
440,0.445,0.3,0.605,4.233333334,4.166666667,4.3,4.3,4.3,4,5,4,4,5,5,4,5,4,3,5,5,4,4,4,5,5,1,5,5,5,5,5,4,3,4,4,4,4,4,4,4
442,-0.106,0.06,0.475,3.991666667,3.583333333,4.4,4,4.8,5,5,5,5,4,5,4,5,5,5,5,5,5,4,4,4,5,3,2,3,1,4,3,5,4,4,1,5,3,4,5,4
443,0.885,0.238,0.157,3.891666667,4.083333333,3.7,4.5,2.9,3,3,4,3,5,1,3,3,3,1,5,4,4,5,2,5,5,5,5,5,3,5,4,5,1,5,5,5,5,5,5,1
444,0.583,0.428,0.58,4.216666667,4.583333333,3.85,4.2,3.5,4,4,3,4,4,4,3,3,3,3,5,5,4,3,5,4,4,4,5,3,5,4,4,3,5,5,5,5,5,5,5,4
445,-0.743,-0.317,-0.529,2.866666667,3.083333333,2.65,2.9,2.4,3,3,2,2,2,1,3,3,2,3,5,4,2,3,3,2,3,2,1,4,5,4,4,3,3,3,2,2,3,2,2,4
447,0.342,0.188,0.476,4.008333334,3.916666667,4.1,4.3,3.9,3,5,3,3,5,5,3,4,3,5,5,5,3,4,5,3,3,5,5,5,3,4,5,3,4,4,5,3,5,3,3,5
448,-0.126,0.074,0.058,3.741666667,3.833333333,3.65,3.4,3.9,4,3,5,4,3,4,4,4,4,4,3,5,3,3,2,3,3,4,4,4,3,4,4,5,3,3,4,4,3,4,5,4
449,0.883,0.593,0.939,4.541666667,4.833333333,4.25,4.9,3.6,2,4,4,3,5,5,4,3,4,2,5,5,5,5,5,4,5,5,5,5,5,4,5,5,4,5,5,5,5,5,5,5
450,0.033,0.077,0.107,3.833333334,3.666666667,4,4.2,3.8,4,3,4,3,3,5,4,4,4,4,4,5,5,5,2,3,4,4,5,5,4,4,4,4,2,4,4,4,2,4,4,4
451,0.08,0.037,-0.113,3.533333334,3.666666667,3.4,4.2,2.6,2,2,3,2,2,2,2,4,3,4,5,4,5,3,3,4,5,4,4,5,3,5,4,5,4,5,2,5,4,2,3,2
452,0.42,0.145,0.047,3.733333334,3.916666667,3.55,4.2,2.9,3,3,3,3,3,3,3,3,2,3,4,5,4,5,4,4,4,4,4,4,4,4,4,4,4,4,4,4,4,4,3,4
453,0.454,0.362,0.596,4.291666667,4.333333333,4.25,4.3,4.2,4,3,4,5,5,4,4,4,4,5,5,4,4,5,5,3,5,3,4,5,4,5,4,5,4,4,4,5,4,4,5,4
454,-0.22,-0.296,-0.562,2.941666667,3.083333333,2.8,3.1,2.5,2,2,3,3,3,3,2,2,3,2,3,4,4,5,3,2,4,1,2,3,2,5,2,4,2,4,2,4,4,3,3,2
455,-0.504,-0.539,-1.147,2.516666667,2.583333333,2.45,2.7,2.2,3,3,2,1,1,1,2,3,3,3,1,4,3,4,1,4,3,2,1,4,4,4,1,5,1,4,3,3,1,1,3,1
458,0.456,0.175,0.279,3.991666667,3.833333333,4.15,4.6,3.7,4,4,5,5,1,2,4,4,4,4,5,5,5,4,4,4,5,4,5,5,5,5,5,5,1,4,5,4,4,2,4,2
459,-0.142,-0.18,-0.304,3.308333334,3.166666667,3.45,3.8,3.1,3,3,2,2,4,4,3,4,3,3,4,3,4,5,4,3,4,4,4,3,3,4,2,5,3,3,4,3,2,3,3,3
460,0.383,0.265,0.27,4.025,4.25,3.8,3.7,3.9,4,3,5,4,2,3,5,5,4,4,3,5,5,4,1,4,4,1,5,5,4,4,5,5,3,5,4,5,4,4,5,3
461,0.476,0.274,0.475,4.116666667,4.083333333,4.15,4.6,3.7,5,2,4,2,3,5,4,4,4,4,5,5,4,5,5,4,5,4,4,5,5,4,4,4,4,4,4,4,4,4,4,4
462,0.035,0.348,0.271,4.075,4.5,3.65,3.6,3.7,4,4,2,4,4,4,4,3,4,4,4,3,5,3,3,3,3,5,5,2,5,5,4,5,4,5,4,4,4,5,4,5
463,-0.311,-0.288,-0.251,3.2,3,3.4,3.1,3.7,4,4,3,4,5,5,3,3,4,2,5,4,1,4,2,4,1,4,3,3,3,4,4,2,2,3,3,3,2,2,4,4
464,-1.157,-0.302,-0.349,3.1,3,3.2,3.1,3.3,3,2,4,4,3,5,3,2,3,4,4,5,4,4,3,1,3,2,2,3,1,5,4,5,1,2,1,2,1,5,5,4
465,-0.129,-0.04,-0.065,3.416666667,3.583333333,3.25,3.6,2.9,3,2,4,3,2,2,3,5,2,3,4,5,4,5,4,3,4,1,2,4,3,4,4,4,4,2,2,4,3,5,4,4
466,-0.52,-0.164,-0.208,3.316666667,3.333333333,3.3,3.1,3.5,4,3,4,4,3,4,3,3,4,3,3,4,3,4,3,2,2,3,3,4,3,4,4,3,3,4,2,3,3,4,4,3
467,0.733,0.502,0.738,4.308333334,4.666666667,3.95,4.8,3.1,2,4,4,5,4,5,4,1,1,1,5,4,5,5,5,5,5,5,4,5,5,5,5,5,4,4,4,4,5,5,5,5
468,-0.233,-0.067,0.053,3.616666667,3.333333333,3.9,4.1,3.7,3,5,5,4,4,2,3,5,2,4,4,5,4,5,2,2,4,5,5,5,4,4,4,1,2,3,4,2,3,5,4,4
470,-0.274,-0.207,-0.434,3.233333334,3.166666667,3.3,3.5,3.1,4,3,2,3,4,3,3,3,3,3,4,4,2,4,3,2,4,5,4,3,4,3,3,4,1,2,5,4,1,4,4,3
471,-0.161,-0.154,-0.28,3.266666667,3.333333333,3.2,3.4,3,3,4,3,4,2,2,2,3,3,4,4,5,4,4,2,3,4,2,2,4,4,4,4,3,2,3,2,4,4,4,4,2
472,0.535,0.191,0.46,4.033333334,3.916666667,4.15,4.3,4,4,4,4,4,3,4,5,4,4,4,5,4,4,4,5,5,4,4,4,4,4,4,4,2,4,4,4,4,5,4,4,4
473,0.663,0.324,0.303,3.933333334,4.416666667,3.45,4,2.9,3,4,2,2,2,4,3,3,3,3,4,4,3,4,5,4,4,4,4,4,3,4,5,4,4,4,5,5,5,5,4,5
474,0.763,0.316,0.676,4.308333334,4.166666667,4.45,4.4,4.5,5,5,5,4,5,4,5,4,4,4,5,2,5,5,4,4,4,5,5,5,2,4,4,4,3,5,5,5,5,4,5,4
475,0.535,0.434,0.528,4.183333334,4.666666667,3.7,3.9,3.5,4,3,3,4,5,4,3,3,3,3,5,5,5,5,4,4,5,1,1,4,5,5,4,5,4,5,3,5,5,5,5,5
476,-0.272,-0.224,-0.406,3.108333334,3.166666667,3.05,3.5,2.6,3,4,3,1,2,2,3,2,2,4,4,5,3,3,2,4,2,4,4,4,2,4,4,3,2,4,2,4,3,4,4,2
477,-0.284,-0.221,-0.515,3.05,3.25,2.85,3.2,2.5,2,3,3,2,2,4,2,2,1,4,4,2,5,4,4,4,3,1,1,4,5,5,4,5,2,4,1,5,2,1,2,3
478,0.328,0.062,-0.001,3.683333334,3.666666667,3.7,4.3,3.1,4,3,4,2,2,4,2,2,4,4,5,5,4,5,3,3,4,5,5,4,4,4,4,5,4,4,4,4,4,3,3,1
479,0.256,0.167,0.087,3.741666667,4.083333333,3.4,3.6,3.2,3,3,5,2,3,2,2,5,3,4,4,5,5,5,3,3,3,2,1,5,4,5,5,4,3,5,3,5,4,3,4,4
480,0.879,0.031,0.138,3.6,3.5,3.7,4.9,2.5,1,1,3,1,1,3,4,3,5,3,5,5,5,5,4,5,5,5,5,5,2,4,5,1,3,1,5,5,5,3,4,4
481,-0.484,-0.12,-0.216,3.391666667,3.333333333,3.45,3.7,3.2,4,3,4,4,2,2,2,4,3,4,3,5,4,3,4,4,4,3,3,4,4,4,3,4,2,4,2,3,2,4,4,4
482,0.64,0.235,0.514,4.041666667,4.083333333,4,4.1,3.9,4,4,5,3,5,2,3,4,4,5,4,4,5,4,5,5,2,4,3,5,4,3,4,4,5,2,4,5,5,5,5,3
483,-0.051,-0.172,-0.294,3.408333334,3.166666667,3.65,3.7,3.6,4,4,4,4,4,3,4,3,4,2,4,4,3,5,2,4,5,1,5,4,3,4,1,5,1,5,4,4,1,4,4,2
484,-0.855,-0.331,-0.523,3.05,3,3.1,2.7,3.5,1,4,4,5,3,2,4,5,3,4,2,4,5,2,1,2,2,2,3,4,2,5,2,4,1,4,4,2,2,3,4,3
485,0.506,0.31,0.451,4.116666667,4.333333333,3.9,3.8,4,4,4,4,5,4,5,5,3,3,3,2,4,4,5,5,4,4,1,5,4,5,5,3,4,5,4,4,5,4,4,4,5
486,0.665,0.361,0.513,4.241666667,4.333333333,4.15,4.4,3.9,4,4,4,3,4,4,4,4,4,4,4,4,4,5,4,4,5,5,5,4,4,4,5,4,3,3,5,5,4,5,5,5
487,-0.033,-0.101,-0.341,3.25,3.5,3,3.4,2.6,3,3,2,3,2,2,1,3,3,4,4,4,4,5,2,2,4,2,2,5,4,4,4,3,2,4,2,5,4,3,4,3
488,-0.329,-0.288,-0.586,3.075,3,3.15,3.4,2.9,4,3,4,3,3,1,4,3,1,3,2,4,4,5,1,2,4,4,4,4,4,4,3,3,1,2,3,5,1,3,4,3
492,-0.925,-0.428,-0.517,2.9,2.75,3.05,2.8,3.3,4,4,3,2,4,2,3,4,3,4,4,4,3,2,2,3,2,3,2,3,2,4,3,4,2,4,2,2,2,2,4,2
494,-0.334,0.005,0.027,3.666666667,3.583333333,3.75,3.8,3.7,4,3,4,4,4,3,4,4,3,4,3,4,5,5,5,3,4,2,3,4,5,4,3,5,3,5,3,2,2,3,4,4
495,0.245,0.374,0.494,4.133333334,4.416666667,3.85,4.4,3.3,2,4,4,3,4,2,3,5,4,2,5,5,4,4,4,4,5,4,4,5,4,4,5,5,4,5,4,3,4,5,5,5
496,-0.024,-0.013,-0.143,3.458333334,3.666666667,3.25,3.5,3,4,3,3,2,2,3,2,4,3,4,3,3,4,4,4,2,4,3,4,4,4,5,3,2,4,3,4,4,4,3,4,4
498,-0.222,-0.012,-0.177,3.541666667,3.583333333,3.5,3.8,3.2,4,2,2,1,4,2,4,5,4,4,2,4,5,5,4,1,5,4,4,4,5,4,2,4,4,4,4,4,2,4,4,2
499,0.222,-0.066,-0.185,3.425,3.5,3.35,3.6,3.1,3,2,4,2,3,4,3,4,3,3,4,4,4,4,4,4,3,1,4,4,4,3,4,2,3,4,4,5,3,4,3,3
501,0.549,0.347,0.541,4.233333334,4.416666667,4.05,3.7,4.4,4,5,4,5,5,4,2,5,5,5,3,3,3,5,5,3,2,3,5,5,5,4,5,5,4,5,5,5,4,1,5,5
502,0.303,0.083,0.17,3.675,3.75,3.6,4.2,3,2,3,3,3,4,3,3,3,2,4,4,4,4,5,5,4,3,4,4,5,3,5,5,3,5,3,4,3,4,3,4,3
503,-0.29,-0.061,-0.045,3.516666667,3.583333333,3.45,3,3.9,4,4,4,4,4,5,4,3,3,4,3,4,3,5,3,1,4,1,2,4,5,4,4,3,3,2,2,5,3,3,5,4
504,0.69,0.105,0.106,3.766666667,3.833333333,3.7,3.9,3.5,3,3,3,3,3,3,3,5,4,5,3,3,5,5,2,5,5,4,2,5,2,4,4,4,3,4,4,5,5,5,5,1
505,0.028,0.145,0.167,3.858333334,3.916666667,3.8,3.9,3.7,4,4,3,5,4,3,3,4,3,4,5,4,4,4,3,3,5,4,3,4,5,5,4,3,3,3,3,5,3,4,5,4
506,0.194,-0.108,-0.068,3.6,3.25,3.95,3.9,4,4,4,4,3,4,5,5,4,3,4,4,5,4,5,1,4,4,4,3,5,2,5,4,4,1,2,5,5,1,4,4,2
507,0.715,0.542,1.096,4.575,4.75,4.4,4.4,4.4,5,5,4,4,5,4,5,5,4,3,5,4,4,5,5,4,5,4,4,4,3,5,5,5,5,5,4,5,5,5,5,5
509,-0.477,-0.456,-0.817,2.6,2.75,2.45,3,1.9,2,2,2,2,2,1,2,2,2,2,3,4,3,3,1,4,3,3,2,4,3,3,3,2,2,2,3,3,2,3,4,3
512,-0.293,-0.179,-0.235,3.325,3.25,3.4,3.3,3.5,4,3,4,4,3,2,3,4,4,4,4,4,4,4,2,3,3,3,2,4,3,4,4,4,2,3,2,4,3,3,4,3
514,0.824,0.493,0.723,4.458333334,4.666666667,4.25,4.3,4.2,4,3,5,5,5,3,5,4,4,4,5,4,4,5,4,4,4,5,5,3,5,4,4,5,5,5,5,5,5,5,5,3
515,-0.379,-0.328,-0.612,3.108333334,2.916666667,3.3,3.1,3.5,4,4,4,4,4,1,1,4,5,4,2,3,5,3,1,5,3,3,3,3,5,3,1,4,1,3,2,5,1,5,3,2
516,-0.345,0.066,0.182,3.8,3.75,3.85,3.6,4.1,4,5,5,4,4,3,4,4,4,4,4,5,4,3,4,3,3,2,4,4,4,5,4,3,3,4,3,4,2,5,4,4
518,-0.709,-0.132,-0.023,3.5,3.25,3.75,3.7,3.8,4,4,3,3,5,3,3,5,4,4,3,1,3,4,5,2,4,5,5,5,5,4,1,1,5,5,1,4,1,4,5,3
521,0.128,0.079,0.219,3.933333334,3.666666667,4.2,4,4.4,5,4,4,5,4,4,5,5,4,4,3,4,4,5,3,3,5,4,5,4,5,5,4,4,2,2,4,4,3,3,4,4
522,0.713,0.277,0.639,4.141666667,4.083333333,4.2,4.6,3.8,4,4,4,4,4,4,3,4,4,3,5,5,4,5,5,5,4,4,4,5,3,4,5,4,5,4,4,4,5,4,4,3
523,0.269,0.186,0.284,3.875,4,3.75,4.1,3.4,4,4,3,4,3,2,3,4,3,4,4,5,5,4,4,4,2,4,4,5,4,5,4,3,4,2,4,4,4,5,5,4
528,-0.113,0.008,0.024,3.691666667,3.583333333,3.8,3.8,3.8,4,4,4,4,3,3,4,4,4,4,4,5,4,4,2,3,4,4,4,4,4,4,4,4,3,2,4,4,2,4,4,4
529,-0.026,0.041,0.046,3.608333334,3.666666667,3.55,4.1,3,2,3,3,4,3,4,3,2,3,3,5,5,5,2,5,4,2,4,4,5,4,5,5,4,4,4,4,4,3,2,2,3
530,0.451,0.247,0.401,4.075,4,4.15,4.7,3.6,3,4,3,4,5,3,3,4,3,4,5,5,5,5,4,4,5,5,5,4,3,4,4,4,4,4,4,4,4,5,4,4
531,-0.299,-0.146,-0.412,3.366666667,3.333333333,3.4,3.3,3.5,4,2,4,4,4,3,2,4,4,4,2,5,3,5,1,1,3,4,4,5,4,4,2,4,1,4,4,4,2,4,4,3
532,0.249,-0.026,-0.042,3.6,3.5,3.7,3.9,3.5,4,3,5,2,3,3,3,4,4,4,4,5,3,5,3,4,4,4,3,4,4,3,4,4,3,2,4,5,2,3,4,4
533,0.775,0.49,0.777,4.341666667,4.583333333,4.1,5,3.2,3,3,3,3,3,5,3,3,3,3,5,5,5,5,5,5,5,5,5,5,5,4,5,5,5,5,5,3,5,5,5,3
534,-0.122,-0.22,-0.158,3.375,3,3.75,3.9,3.6,4,4,3,4,4,3,3,4,4,3,4,4,3,4,4,4,4,4,4,4,3,3,3,3,3,3,3,3,3,3,3,3
535,-0.357,-0.296,-0.615,3.066666667,3.083333333,3.05,2.8,3.3,4,3,4,4,4,1,1,4,4,4,3,2,4,4,1,2,2,4,4,2,3,3,2,4,2,5,4,4,2,2,4,2
536,-0.408,-0.123,-0.24,3.333333334,3.416666667,3.25,3.3,3.2,3,4,4,2,5,3,2,4,3,2,4,4,4,2,2,3,4,2,4,4,4,4,3,4,2,2,2,5,3,4,4,4
540,0.669,0.27,0.333,4.008333334,4.166666667,3.85,4.3,3.4,4,3,5,2,3,4,3,4,3,3,4,5,3,5,4,4,4,5,5,4,4,5,4,3,4,4,4,5,5,4,4,4
541,0.133,-0.046,0.035,3.608333334,3.416666667,3.8,4,3.6,4,2,4,4,4,4,3,4,4,3,4,4,4,5,4,4,3,3,4,5,4,4,4,3,3,3,3,4,3,3,5,2
543,0.445,0.127,0.093,3.716666667,3.833333333,3.6,4.4,2.8,4,2,2,2,4,2,3,2,3,4,5,5,4,5,4,4,5,2,5,5,4,4,5,4,3,4,4,4,4,3,4,3
545,0.051,0.129,0.225,3.783333334,3.916666667,3.65,3.8,3.5,3,3,3,4,4,4,3,3,4,4,4,5,4,5,5,3,4,1,3,4,4,4,4,4,5,4,2,4,4,4,4,4
546,-0.204,0.154,0.056,3.691666667,4.083333333,3.3,3.5,3.1,3,2,3,3,4,3,2,4,2,5,4,5,5,5,4,1,5,1,2,3,5,4,5,5,4,3,1,5,4,5,4,4
547,0.449,0.2,0.283,3.85,4,3.7,4.4,3,3,4,1,3,5,5,2,4,1,2,4,5,4,5,5,4,5,4,3,5,4,4,5,4,4,3,4,4,4,4,4,4
548,0.383,0.136,0.077,3.866666667,3.833333333,3.9,4.2,3.6,4,2,5,5,1,2,4,5,3,5,5,5,5,5,1,5,5,1,5,5,5,5,5,4,1,4,5,5,1,3,4,4
549,0.067,0.059,0.189,3.625,3.75,3.5,3.9,3.1,3,4,4,2,4,3,2,4,2,3,5,5,4,5,5,1,5,2,2,5,3,4,5,3,4,4,2,5,5,3,4,3
550,0.249,0.184,0.163,3.866666667,4.083333333,3.65,3.6,3.7,4,2,4,5,3,3,4,4,4,4,5,4,4,5,3,3,2,3,3,4,4,5,4,4,3,5,4,4,4,3,5,4
551,-0.015,-0.206,-0.243,3.316666667,3.083333333,3.55,3.8,3.3,3,3,3,2,4,3,3,4,4,4,4,3,3,4,4,4,4,4,4,4,2,3,3,3,3,4,3,4,3,3,4,2
557,-0.293,-0.328,-0.54,2.983333334,2.916666667,3.05,3.4,2.7,3,2,4,2,1,4,2,4,2,3,3,5,4,4,2,3,4,2,2,5,4,3,3,3,2,3,3,4,2,3,3,2
559,-0.094,0.015,0.017,3.583333334,3.666666667,3.5,3.7,3.3,4,4,3,3,3,2,2,4,4,4,5,5,4,4,3,2,5,2,2,5,3,4,5,4,2,4,2,5,4,4,4,3
561,0.656,0.288,0.432,4.058333334,4.166666667,3.95,4.5,3.4,3,4,3,5,4,4,3,3,2,3,1,5,5,5,4,5,5,5,5,5,5,5,5,4,4,1,4,4,5,4,4,5
563,-0.432,-0.226,-0.393,3.258333334,3.166666667,3.35,3.1,3.6,4,3,4,2,4,4,3,4,4,4,3,4,3,5,2,3,4,2,1,4,5,4,2,4,2,4,2,4,1,4,4,2
566,-0.297,-0.213,-0.442,3.15,3.25,3.05,3.1,3,3,2,3,4,2,2,3,4,3,4,3,4,4,2,3,3,4,2,2,4,4,4,3,5,2,2,4,4,3,2,2,4
570,-0.143,-0.331,-0.629,2.958333334,2.916666667,3,3.4,2.6,2,1,3,4,3,1,3,3,2,4,2,4,5,5,1,5,4,2,1,5,5,4,2,1,1,2,2,5,1,2,5,5
571,-0.027,0.006,0.079,3.716666667,3.583333333,3.85,3.7,4,3,4,4,4,5,4,4,4,4,4,4,4,3,5,3,4,4,2,5,3,5,3,3,2,3,3,3,4,2,5,5,5
575,0.645,0.257,0.284,3.925,4.25,3.6,3.8,3.4,4,4,3,3,4,4,2,4,3,3,4,4,3,5,5,4,4,2,2,5,4,4,4,5,4,4,5,5,4,4,5,3
576,0.979,0.599,1.203,4.666666667,4.833333333,4.5,4.7,4.3,4,4,4,3,5,5,5,4,4,5,5,5,4,5,5,5,5,5,3,5,4,5,5,5,5,4,5,5,5,5,5,5
577,0.026,0.095,0.281,3.85,3.75,3.95,4,3.9,4,3,4,5,4,5,3,4,4,3,4,5,5,5,5,4,3,1,4,4,5,5,3,4,4,3,1,5,3,4,5,3
579,0.255,0.18,0.177,3.841666667,4.083333333,3.6,3.6,3.6,4,3,4,2,3,4,4,4,4,4,3,2,4,4,4,4,3,3,5,4,4,4,5,5,4,3,3,5,4,4,4,4
581,0.383,0.305,0.198,3.958333334,4.416666667,3.5,3.6,3.4,3,2,4,3,5,4,3,3,3,4,2,5,4,5,4,2,2,4,4,4,4,5,2,5,5,5,4,5,5,5,4,4
584,0.61,0.493,0.842,4.491666667,4.583333333,4.4,4.7,4.1,4,5,4,3,5,4,4,5,4,3,5,5,5,5,4,3,5,5,5,5,5,4,4,4,4,5,4,5,5,5,5,5
585,-0.042,0.335,0.555,4.183333334,4.416666667,3.95,3.6,4.3,4,5,4,4,5,5,4,5,3,4,5,5,3,4,3,2,3,2,4,5,4,5,5,5,4,5,2,5,4,5,5,4
586,-0.418,-0.263,-0.467,3.141666667,3.083333333,3.2,3.2,3.2,4,2,3,4,4,3,3,3,3,3,4,3,2,4,2,3,4,4,4,2,4,4,3,4,2,3,2,4,2,2,3,4
588,0.051,-0.193,-0.369,3.141666667,3.333333333,2.95,3,2.9,4,2,3,3,4,3,1,2,3,4,3,4,2,4,4,4,2,2,2,3,3,4,3,3,4,3,3,4,4,3,3,3
589,0.083,-0.14,-0.246,3.366666667,3.333333333,3.4,3.4,3.4,3,2,4,3,2,4,4,4,4,4,3,4,2,5,4,2,3,4,4,3,4,4,3,3,3,2,4,5,3,2,4,3
590,0.383,0.05,0.028,3.633333334,3.666666667,3.6,4.2,3,1,5,3,2,2,2,3,5,3,4,5,5,3,4,2,5,5,4,5,4,4,4,3,3,3,3,3,4,5,4,4,4
592,0.433,0.309,0.459,4.1,4.25,3.95,4.3,3.6,4,3,4,5,5,2,4,3,3,3,5,4,5,5,4,3,4,4,4,5,4,5,4,4,4,4,4,4,5,4,5,4
593,0.683,0.318,0.33,3.883333334,4.416666667,3.35,4,2.7,3,3,2,2,1,2,4,4,3,3,5,5,4,5,4,4,4,2,2,5,4,4,5,5,5,4,4,5,5,4,5,3
594,-0.896,-0.638,-1.264,2.358333334,2.416666667,2.3,2.3,2.3,3,2,3,1,2,1,2,3,3,3,2,3,3,3,1,1,2,3,3,2,2,3,1,4,1,4,3,4,1,2,3,1
595,-0.347,-0.202,-0.519,3.116666667,3.333333333,2.9,2.9,2.9,3,3,4,3,2,2,2,3,4,3,4,3,4,4,1,2,3,2,3,3,3,4,3,4,1,4,3,4,3,4,4,3
596,-0.93,-0.251,-0.497,3.158333334,3.166666667,3.15,2.9,3.4,3,3,3,4,3,3,4,4,3,4,2,4,5,3,1,1,4,1,5,3,5,4,3,2,1,5,3,2,2,3,3,5
597,0.008,-0.071,-0.134,3.35,3.5,3.2,3.7,2.7,3,3,3,3,3,2,3,2,2,3,5,4,4,5,4,3,4,2,2,4,3,4,4,4,4,3,3,3,4,3,3,4
598,-0.024,0.032,-0.142,3.516666667,3.833333333,3.2,3.2,3.2,4,2,3,2,5,2,3,3,4,4,4,4,3,4,1,3,3,3,2,5,4,5,3,5,4,3,2,5,4,4,4,3
599,-0.577,-0.396,-0.641,2.891666667,2.833333333,2.95,2.9,3,3,4,4,3,2,3,2,3,3,3,2,3,2,4,2,2,4,2,4,4,3,4,3,4,1,3,2,4,2,2,4,2
600,-0.398,-0.563,-0.858,2.691666667,2.333333333,3.05,3.3,2.8,3,3,2,3,4,1,3,3,3,3,2,4,5,5,1,4,4,2,2,4,4,4,1,2,1,2,2,4,1,3,2,2
601,0.285,-0.027,0.346,3.708333334,3.416666667,4,4.1,3.9,4,4,4,3,4,4,4,4,4,4,4,5,4,5,5,4,5,2,2,5,2,4,4,5,5,2,2,4,5,2,4,2
602,-0.031,0.105,0.149,3.891666667,3.833333333,3.95,3.6,4.3,4,4,4,5,4,4,5,5,4,4,4,3,5,3,2,4,2,4,4,5,4,5,2,4,3,4,4,5,2,4,5,4
605,0.042,0.155,0.38,3.933333334,3.916666667,3.95,3.9,4,4,4,4,3,4,5,4,4,4,4,5,5,5,5,4,2,4,2,2,5,4,5,4,4,4,3,2,5,4,4,4,4
608,0.344,0.316,0.463,4.15,4.25,4.05,4.3,3.8,4,5,3,3,4,4,4,4,3,4,5,5,4,4,3,4,5,4,4,5,5,4,5,4,4,4,4,4,4,5,4,4
609,0.151,0.073,0.086,3.725,3.75,3.7,3.9,3.5,4,4,3,3,4,3,3,4,4,3,4,4,4,5,4,3,3,4,4,4,3,4,4,4,4,4,4,4,3,4,4,3
612,0.428,0.305,0.448,3.991666667,4.333333333,3.65,4,3.3,3,4,4,4,2,3,3,4,3,3,5,4,4,5,5,5,4,2,2,4,5,5,5,5,4,4,3,3,5,4,5,4
613,-0.372,-0.439,-0.704,2.775,2.75,2.8,2.9,2.7,4,1,2,1,3,5,2,3,2,4,2,2,2,5,3,5,3,3,2,2,4,4,1,4,3,3,2,2,2,2,3,3
614,-0.333,-0.235,-0.479,3.075,3.25,2.9,2.9,2.9,4,3,3,2,2,3,2,3,3,4,4,3,4,3,3,3,3,1,1,4,4,4,3,3,2,3,3,5,2,4,3,3
615,-0.358,-0.074,-0.111,3.45,3.5,3.4,3.4,3.4,3,2,4,4,3,3,3,4,4,4,4,4,4,3,4,2,5,2,2,4,4,4,4,3,3,4,2,4,4,2,4,4
616,-0.714,-0.526,-0.788,2.616666667,2.583333333,2.65,2.7,2.6,3,2,3,2,1,4,3,3,3,2,2,3,2,2,4,2,5,3,2,2,3,3,2,3,2,2,2,5,2,3,2,2
617,0.156,0.068,-0.039,3.65,3.75,3.55,4,3.1,4,2,3,4,3,2,4,3,2,4,4,4,4,5,4,4,4,4,4,3,4,3,4,4,4,4,4,4,2,4,4,4
618,-0.438,-0.321,-0.48,3,3,3,3,3,3,3,3,3,3,3,3,3,3,3,3,3,3,3,3,3,3,3,3,3,3,3,3,3,3,3,3,3,3,3,3,3
620,-0.638,-0.504,-0.813,2.658333334,2.666666667,2.65,2.5,2.8,3,2,3,2,4,3,3,2,3,3,2,3,3,2,1,4,3,2,2,3,3,4,2,3,2,3,3,3,2,2,3,2
624,-0.11,-0.109,-0.074,3.516666667,3.333333333,3.7,3.6,3.8,5,2,4,4,2,4,4,4,5,4,4,5,3,5,3,2,4,3,3,4,2,5,3,5,4,4,3,5,2,2,4,1
625,-0.25,-0.349,-0.711,2.875,3,2.75,2.8,2.7,3,2,3,2,3,1,1,5,3,4,2,4,5,5,2,1,2,1,2,4,3,4,3,4,1,3,5,3,3,3,2,2
626,-0.586,-0.331,-0.589,2.991666667,2.833333333,3.15,3.8,2.5,3,2,2,3,2,2,2,3,3,3,3,5,4,4,4,1,4,5,5,3,4,3,3,3,3,3,4,3,1,4,2,1
628,-0.85,-0.416,-0.647,2.866666667,2.833333333,2.9,2.6,3.2,3,4,4,2,2,3,3,3,4,4,2,3,3,2,2,2,3,4,3,2,2,4,2,3,2,4,3,3,2,4,3,2
630,-0.923,-0.394,-0.303,3.216666667,2.583333333,3.85,3.6,4.1,4,4,4,4,5,4,4,4,4,4,3,3,4,5,2,2,4,4,4,5,3,4,2,4,1,1,2,1,1,4,4,4
631,-0.045,-0.172,-0.325,3.25,3.25,3.25,3.6,2.9,4,2,3,2,1,2,3,4,4,4,4,3,4,4,3,4,2,4,4,4,2,4,2,4,4,3,4,4,2,4,4,2
632,0.231,-0.006,-0.072,3.508333334,3.666666667,3.35,3.5,3.2,3,3,3,3,3,5,3,3,3,3,4,4,3,4,5,3,3,3,3,3,3,4,3,4,4,3,5,4,4,4,3,3
634,0.392,0.046,-0.109,3.491666667,3.833333333,3.15,3.5,2.8,3,4,2,1,2,2,2,4,3,5,5,5,3,4,3,4,4,1,1,5,4,4,5,4,4,4,5,4,4,4,2,2
635,0.545,0.351,0.496,4.291666667,4.333333333,4.25,4.1,4.4,5,4,4,4,4,5,4,5,5,4,5,5,4,4,3,4,3,4,5,4,5,5,4,5,3,4,5,5,4,4,4,4
636,-0.213,-0.025,-0.07,3.491666667,3.583333333,3.4,3.7,3.1,4,3,4,3,3,1,2,4,3,4,4,5,4,3,4,2,3,4,4,4,4,4,4,2,4,3,3,4,4,4,4,3
637,-0.088,-0.021,-0.081,3.516666667,3.583333333,3.45,3.7,3.2,2,2,4,4,4,3,2,4,3,4,4,3,4,4,5,3,4,3,3,4,4,4,3,4,5,4,3,4,3,4,4,1
638,0.303,0.353,0.693,4.233333334,4.416666667,4.05,3.8,4.3,5,4,5,5,2,4,3,5,5,5,4,5,5,5,5,2,5,1,1,5,5,5,5,3,4,5,3,5,5,4,5,4
639,-0.531,-0.09,-0.154,3.5,3.5,3.5,3,4,4,3,5,4,4,4,5,3,4,4,4,4,3,3,1,3,4,3,2,3,4,5,4,5,2,3,3,3,2,4,4,3
640,-0.275,-0.072,-0.232,3.391666667,3.583333333,3.2,3.1,3.3,3,4,4,4,5,2,2,2,4,3,3,4,4,3,3,2,2,3,3,4,4,4,4,4,2,4,3,4,4,4,4,2
641,0.196,0.135,0.277,3.975,3.75,4.2,4.4,4,4,3,5,3,5,5,3,5,4,3,5,5,5,4,2,4,5,5,4,5,5,5,5,4,2,4,4,4,3,2,4,3
642,-0.149,-0.121,-0.203,3.308333334,3.416666667,3.2,3.4,3,4,2,2,3,4,2,3,3,4,3,3,4,3,5,3,3,3,2,3,5,2,4,4,3,3,5,3,3,3,3,5,3
643,0.18,0.334,0.339,4.166666667,4.333333333,4,4.1,3.9,4,3,4,3,5,4,4,4,4,4,4,5,5,5,2,2,4,4,5,5,5,4,4,5,2,5,5,4,3,5,5,5
644,0.811,0.493,0.686,4.491666667,4.583333333,4.4,4.7,4.1,4,4,4,4,5,4,4,4,4,4,5,5,5,5,3,5,5,5,5,4,4,5,4,5,3,5,5,5,4,5,5,5
645,-0.293,-0.263,-0.351,3.141666667,3.083333333,3.2,3.2,3.2,3,2,3,4,4,4,3,3,3,3,3,3,3,3,4,3,4,2,3,4,2,3,2,4,4,3,3,4,3,3,4,2
646,-0.136,-0.069,-0.07,3.45,3.5,3.4,3.5,3.3,3,3,4,2,3,4,4,4,3,3,3,5,4,4,4,3,4,2,2,4,4,4,3,3,4,3,3,3,4,4,4,3
648,-0.286,-0.107,-0.335,3.408333334,3.416666667,3.4,3.4,3.4,3,3,3,2,4,4,3,4,4,4,3,4,3,4,2,3,2,4,5,4,3,5,2,5,2,4,4,4,1,4,4,3
649,-0.288,-0.16,-0.351,3.216666667,3.333333333,3.1,3.4,2.8,3,2,2,2,3,3,4,4,2,3,3,4,4,5,4,2,4,2,4,2,2,4,4,4,2,4,3,4,2,4,4,3
650,-0.409,-0.192,-0.614,3.066666667,3.333333333,2.8,3.2,2.4,3,2,2,1,3,2,4,3,1,3,2,3,5,3,2,1,4,4,4,4,5,4,3,3,2,4,4,5,2,2,3,3
652,-0.438,-0.321,-0.48,3,3,3,3,3,3,3,3,3,3,3,3,3,3,3,3,3,3,3,3,3,3,3,3,3,3,3,3,3,3,3,3,3,3,3,3,3
653,0.351,-0.001,0.084,3.7,3.5,3.9,4.1,3.7,4,2,5,4,4,1,3,4,5,5,3,5,5,5,4,4,3,4,3,5,2,5,2,5,4,2,4,5,3,3,5,2
654,0.135,0.17,0.077,3.766666667,4.083333333,3.45,3.6,3.3,4,3,3,4,3,4,4,2,4,2,4,5,4,4,2,3,4,2,4,4,4,4,5,5,2,4,4,4,4,5,4,4
655,-0.29,-0.261,-0.467,2.958333334,3.166666667,2.75,3.2,2.3,3,2,2,2,3,3,2,2,2,2,3,3,4,4,4,3,3,2,2,4,2,4,3,4,4,4,3,2,4,4,2,2
656,0.51,0.135,0.773,4.183333334,3.666666667,4.7,4.4,5,5,5,5,5,5,5,5,5,5,5,3,5,5,5,5,5,5,1,5,5,1,5,1,5,5,5,5,2,5,2,5,3
657,0.153,0.093,0.032,3.716666667,3.833333333,3.6,3.8,3.4,4,4,5,3,1,4,3,4,4,2,4,5,5,4,3,2,4,2,5,4,5,4,3,4,3,5,5,5,3,1,5,3
658,0.14,0.034,0.317,3.841666667,3.583333333,4.1,3.9,4.3,4,4,5,2,5,5,3,5,5,5,4,5,5,5,5,5,3,1,1,5,4,4,3,4,4,5,1,5,3,4,5,1
659,0.146,-0.06,0.088,3.666666667,3.333333333,4,4.1,3.9,3,3,5,5,3,4,3,5,3,5,5,4,5,5,4,4,5,1,3,5,3,3,4,5,3,3,3,4,3,4,4,1
660,-0.226,-0.055,-0.148,3.391666667,3.583333333,3.2,3.4,3,4,4,4,3,3,3,2,2,3,2,4,5,3,4,4,2,4,2,2,4,4,4,4,4,3,4,2,4,4,4,3,3
661,0.297,0.179,0.275,3.983333334,3.916666667,4.05,4.2,3.9,4,4,4,3,4,4,4,4,4,4,3,4,4,5,4,4,5,4,4,5,4,4,4,4,4,4,4,5,2,3,5,4
662,-0.133,-0.025,0.107,3.616666667,3.583333333,3.65,3.4,3.9,4,4,4,4,4,4,4,4,4,3,4,4,4,4,4,2,4,2,2,4,3,4,4,3,4,3,4,3,4,4,4,3
663,0.155,-0.126,0.093,3.616666667,3.083333333,4.15,4.5,3.8,4,4,4,4,4,2,4,4,4,4,4,5,4,5,4,5,4,5,4,5,2,4,4,3,3,3,4,3,2,2,4,3
664,0.197,0.015,-0.049,3.458333334,3.666666667,3.25,4,2.5,3,3,2,2,1,4,2,3,2,3,5,5,2,5,5,4,5,1,4,4,5,5,4,4,4,4,2,3,5,3,2,3
668,0.074,0.187,0.128,3.766666667,4.083333333,3.45,3.9,3,4,2,3,3,2,4,3,3,3,3,4,5,4,3,4,3,4,4,4,4,4,4,4,4,5,4,4,4,4,4,4,4
670,-0.251,-0.07,-0.175,3.4,3.5,3.3,3.6,3,4,3,3,2,4,2,2,3,3,4,3,4,4,5,4,2,4,4,2,4,4,4,3,2,4,4,2,5,2,3,5,4
671,-0.964,-0.566,-0.836,2.683333334,2.416666667,2.95,2.8,3.1,4,2,2,5,2,2,2,4,4,4,3,4,2,3,1,2,4,3,4,2,2,3,1,4,1,4,2,2,2,2,4,2
672,0.777,0.168,0.275,3.858333334,3.916666667,3.8,4.3,3.3,4,4,2,2,5,4,2,3,3,4,4,4,5,5,5,5,4,2,4,5,4,2,4,2,5,5,5,5,4,4,3,4
673,-0.461,-0.459,-0.581,2.816666667,2.583333333,3.05,3.4,2.7,3,2,3,2,2,4,2,3,3,3,4,4,4,4,3,3,4,2,2,4,2,5,2,2,2,2,2,4,2,3,3,2
674,0.097,0.174,0.213,3.666666667,4.083333333,3.25,3.9,2.6,3,1,3,3,1,3,3,3,3,3,5,5,3,5,5,1,5,3,2,5,4,4,5,3,5,4,3,4,5,2,5,5
675,0.326,0.16,0.32,3.916666667,3.833333333,4,4.5,3.5,4,3,4,5,2,2,3,5,3,4,5,5,5,5,4,3,4,4,5,5,5,4,4,4,4,2,4,4,4,2,5,4
676,-0.411,-0.242,-0.382,3.216666667,3.083333333,3.35,3.4,3.3,4,3,4,3,2,4,3,3,3,4,3,4,4,4,3,3,4,2,3,4,4,4,2,4,2,4,2,4,2,3,4,2
677,0.442,0.196,0.175,3.825,4,3.65,4.4,2.9,2,3,3,4,4,3,3,2,3,2,4,5,3,4,4,4,5,5,5,5,3,4,4,4,4,3,4,5,4,5,4,4
678,-0.573,-0.339,-0.639,2.95,3,2.9,2.8,3,4,3,3,3,3,1,3,3,3,4,3,3,5,4,1,2,3,2,1,4,5,4,3,5,2,3,2,4,2,1,3,2
679,-0.791,-0.185,-0.358,3.241666667,3.333333333,3.15,2.9,3.4,3,3,4,3,4,4,3,3,3,4,4,4,4,3,2,2,2,2,4,2,4,5,2,4,3,4,2,3,2,4,4,3
682,0.335,0.23,0.455,4.075,4,4.15,4.4,3.9,4,4,4,3,5,5,3,4,3,4,5,5,4,5,4,4,5,4,4,4,3,5,5,5,4,4,4,3,4,3,4,4
683,0.456,0.257,0.888,4.275,4,4.55,4.4,4.7,5,4,5,4,4,5,5,5,5,5,5,5,5,5,5,3,5,3,3,5,4,4,5,4,5,2,3,5,5,3,5,3
685,-0.202,0.06,0.011,3.675,3.75,3.6,3.8,3.4,3,4,4,3,4,4,3,3,3,3,4,4,4,3,4,3,4,4,4,4,4,4,4,4,3,4,4,3,3,4,4,4
686,0.456,0.243,0.319,4.05,4,4.1,4.7,3.5,5,1,4,2,4,3,5,5,3,3,4,5,5,5,4,4,5,5,5,5,4,4,3,4,4,5,5,4,3,4,4,4
687,-0.151,-0.255,-0.752,2.958333334,3.166666667,2.75,3.3,2.2,3,2,2,2,1,1,1,3,2,5,4,5,3,5,1,3,3,3,3,3,4,4,4,4,2,5,3,5,1,2,3,1
689,-0.036,-0.14,-0.203,3.4,3.25,3.55,3.8,3.3,4,2,3,4,2,4,3,4,4,3,4,4,4,4,3,4,4,3,4,4,4,5,2,3,3,2,4,4,2,2,4,4
690,-0.102,-0.036,-0.051,3.491666667,3.583333333,3.4,3.5,3.3,4,3,4,3,3,2,3,4,3,4,4,5,4,4,4,2,4,2,2,4,4,4,4,3,4,4,2,5,4,2,4,3
698,-1.043,-0.453,-0.711,2.75,2.75,2.75,2.7,2.8,3,3,3,1,4,2,3,3,3,3,1,4,2,2,3,2,4,2,5,2,3,3,3,3,3,3,2,3,1,3,3,3
702,-0.367,-0.026,0.27,3.758333334,3.416666667,4.1,4,4.2,5,4,5,4,5,3,2,5,4,5,4,4,5,4,3,4,4,3,4,5,3,5,5,2,2,3,2,1,4,5,4,5
706,0.56,0.182,0.468,4.008333334,3.916666667,4.1,4.2,4,4,4,4,3,4,5,4,3,4,5,5,4,3,5,5,5,4,3,4,4,4,4,5,3,5,4,4,4,4,2,4,4
707,0.39,0.205,0.212,3.941666667,4.083333333,3.8,3.8,3.8,4,4,4,2,4,4,4,4,4,4,4,5,3,5,3,4,2,3,4,5,5,5,4,4,3,4,4,5,3,4,5,3
709,-0.297,-0.006,0.123,3.716666667,3.583333333,3.85,3.5,4.2,4,4,5,5,3,4,4,4,4,5,4,5,5,5,2,2,4,3,2,3,2,5,1,5,4,3,3,3,3,5,5,4
710,0.099,-0.222,-0.254,3.241666667,3.083333333,3.4,3.7,3.1,3,4,3,2,3,4,3,3,3,3,4,4,3,5,4,3,5,2,4,3,3,3,3,2,4,3,4,4,3,3,3,2
711,-0.256,-0.188,-0.359,3.333333334,3.166666667,3.5,3.6,3.4,4,4,4,2,2,2,4,4,4,4,3,4,2,5,3,2,4,4,5,4,3,4,2,5,2,4,4,4,1,4,3,2
712,-0.438,-0.318,-0.469,3.025,3,3.05,3,3.1,3,3,3,4,3,3,3,3,3,3,2,4,3,3,3,3,3,3,3,3,3,3,3,3,3,3,3,3,3,3,3,3
714,-0.036,-0.186,-0.367,3.225,3.25,3.2,3.4,3,3,3,3,2,3,4,3,3,3,3,3,4,3,5,3,3,3,3,3,4,3,3,3,4,3,4,4,4,2,3,4,2
715,-0.411,-0.147,-0.331,3.316666667,3.333333333,3.3,3.4,3.2,4,2,3,4,3,1,3,4,4,4,3,4,4,5,2,2,4,2,4,4,4,4,3,4,2,3,2,4,2,4,4,4
716,-0.693,-0.001,0.174,3.633333334,3.666666667,3.6,3.3,3.9,4,4,5,3,4,4,4,4,4,3,5,5,3,5,4,2,2,1,1,5,5,5,5,3,3,5,2,1,2,5,4,4
717,-0.238,-0.244,-0.527,2.958333334,3.166666667,2.75,3.5,2,3,2,2,1,1,1,2,2,4,2,4,5,1,4,3,3,4,3,4,4,3,4,4,3,3,3,3,4,2,3,4,2
718,-0.549,-0.141,-0.175,3.158333334,3.416666667,2.9,3.4,2.4,2,2,2,3,2,2,2,4,2,3,5,5,3,3,5,2,3,2,1,5,5,4,5,3,4,3,1,2,5,3,3,3
720,-0.549,-0.307,-0.597,2.975,3,2.95,3.3,2.6,2,4,3,2,2,3,2,3,2,3,4,4,4,3,1,3,2,3,4,5,2,4,3,4,1,4,3,4,1,3,5,2
721,0.333,0.169,0.385,3.908333334,3.916666667,3.9,4.2,3.6,4,4,4,2,2,4,4,5,3,4,4,5,4,4,5,4,5,4,2,5,4,4,5,3,5,4,4,4,4,3,4,3
722,0.849,0.551,0.822,4.475,4.75,4.2,4.8,3.6,5,3,4,3,4,4,4,3,4,2,4,4,5,5,5,5,5,5,5,5,4,5,4,5,5,5,5,5,4,5,5,5
723,-0.177,-0.026,0.022,3.691666667,3.583333333,3.8,3.2,4.4,5,4,4,4,4,5,3,5,5,5,4,4,4,5,2,3,2,2,2,4,3,5,3,5,2,5,4,3,2,3,4,4
726,0.586,0.349,0.679,4.225,4.25,4.2,4.7,3.7,3,4,3,5,3,5,4,4,3,3,4,5,5,5,5,4,5,4,5,5,5,5,5,3,4,3,4,4,5,3,5,5
727,-0.293,-0.151,-0.122,3.366666667,3.333333333,3.4,3.2,3.6,4,5,4,5,2,3,2,4,4,3,3,3,3,4,2,3,4,2,4,4,2,4,4,3,4,3,2,4,3,3,4,4
728,0.151,-0.277,-0.469,3.075,3,3.15,3.6,2.7,3,2,3,2,2,2,3,3,3,4,3,4,5,5,2,4,3,4,2,4,3,3,3,2,2,3,4,4,3,3,4,2
731,-0.698,-0.458,-0.659,2.833333334,2.666666667,3,2.9,3.1,3,3,4,3,3,2,3,4,3,3,3,4,3,3,2,3,3,2,3,3,3,4,3,3,2,3,3,3,1,3,3,1
733,-0.04,0.267,0.612,4,4.25,3.75,3.8,3.7,4,3,4,4,5,4,4,4,2,3,5,5,3,5,5,1,5,2,2,5,4,5,5,3,5,3,2,4,5,5,5,5
734,-0.304,-0.125,-0.34,3.358333334,3.416666667,3.3,3.2,3.4,4,3,4,5,4,1,2,4,3,4,2,4,4,3,2,3,2,4,4,4,3,5,3,4,2,4,3,5,2,3,4,3
736,-0.117,-0.038,-0.267,3.391666667,3.583333333,3.2,3.7,2.7,2,3,2,3,4,1,3,4,2,3,3,5,4,5,3,2,4,3,4,4,3,4,3,5,3,4,4,4,2,3,5,3
737,-0.859,-0.552,-0.67,2.783333334,2.416666667,3.15,2.8,3.5,4,3,4,4,3,3,4,3,4,3,2,4,3,2,2,3,2,4,4,2,2,3,1,4,2,2,4,2,1,1,4,3
